Timestamp,Score,X,Y,Z,Length,Width,Rotation,Class,ID
0.0,1,3.5159423,-2.769792,0.13482569,4.117559,1.9999627,3.1197026,3,1
0.0,1,-0.7552939,2.8905866,0.2578822,4.2256575,1.9099957,-0.0023822708,3,4
0.0,1,21.02933,-0.32314688,0.059353177,3.2327654,2.0,3.1192048,29,1
0.1,1,3.49101,-2.7753747,0.14338923,4.117559,1.9999627,3.1199462,3,1
0.1,1,-2.3621802,2.8664253,0.28868672,4.2256575,1.9099957,-0.0021373418,3,4
0.1,1,21.370955,-0.36512116,0.036524355,3.2327654,2.0,3.1194415,29,1
0.1,1,16.93733,8.834395,-0.10490603,0.61711156,0.571261,-3.0840995,0,1
0.1,1,17.053251,9.605205,-0.058409166,0.474522,0.5021725,-3.0863318,0,2
0.1,1,22.05778,10.663917,-0.19963278,0.58418125,0.49813145,0.01783345,0,3
0.2,1,3.4576013,-2.7819998,0.15398729,4.117559,1.9999627,3.1202097,3,1
0.2,1,-3.9971895,2.9807842,0.25246346,4.2256575,1.9099957,-0.0018707738,3,4
0.2,1,21.703398,-0.40466893,0.015481468,3.2327654,2.0,3.1196983,29,1
0.2,1,16.09566,8.842207,-0.07379951,0.39874893,0.56050795,-3.0838356,0,1
0.2,1,16.338,9.625098,-0.0317922,0.5568665,0.45735493,-3.0881329,0,2
0.2,1,21.159607,10.709031,-0.15476339,0.51778513,0.5270923,0.0056373174,0,3
0.30000000000000004,1,3.4162805,-2.7896621,0.16104832,4.117559,1.9999627,3.1199884,3,1
0.30000000000000004,1,29.180368,2.9929957,-0.090468705,4.26859,2.1693852,0.0048894743,3,2
0.30000000000000004,1,22.027952,-0.4513206,-0.012255814,3.2327654,2.0,3.119471,29,1
0.30000000000000004,1,15.367574,8.820423,-0.054487027,0.36814916,0.5545706,-3.084058,0,1
0.30000000000000004,1,15.560693,9.611389,-0.009309188,0.62608,0.46381903,-3.090085,0,2
0.30000000000000004,1,20.225807,10.678051,-0.12061844,0.5355229,0.44385138,-0.004417657,0,3
0.4,1,3.3685262,-2.7997556,0.16797781,4.117559,1.9999627,3.119335,3,1
0.4,1,27.304277,2.9757292,-0.07205494,4.26859,2.1693852,0.0042438763,3,2
0.4,1,22.344965,-0.5028732,-0.048438665,3.2327654,2.0,3.1188128,29,1
0.4,1,14.713508,8.811433,-0.067966916,0.5292249,0.591312,-3.0847013,0,1
0.4,1,14.708937,9.590742,-0.016264345,0.44477868,0.40797612,-3.0919569,0,2
0.4,1,19.19318,10.619054,-0.12197529,0.34400696,0.47176942,-0.010964203,0,3
0.5,1,3.3122807,-2.8123803,0.17924866,4.117559,1.9999627,3.118045,3,1
0.5,1,25.41836,2.9401255,-0.03162813,4.26859,2.1693852,0.0029589268,3,2
0.5,1,22.652748,-0.5639095,-0.050933696,3.2327654,2.0,3.1175199,29,1
0.5,1,13.912432,8.822957,-0.05190157,0.45894513,0.52326113,-3.085988,0,1
0.5,1,13.896774,9.546935,-0.0033659737,0.44465762,0.48334774,-3.0938015,0,2
0.5,1,18.265528,10.567693,-0.10042894,0.5204687,0.46077043,-0.012897146,0,3
0.5,1,18.670431,8.698704,2.962534,0.24368034,0.60725135,2.8874826,10,3
0.6000000000000001,1,3.2505975,-2.8249388,0.18528624,4.117559,1.9999627,3.1171598,3,1
0.6000000000000001,1,23.518513,2.9143438,0.011537914,4.26859,2.1693852,0.0020744675,3,2
0.6000000000000001,1,22.951723,-0.611574,-0.036534894,3.2327654,2.0,3.1166332,29,1
0.6000000000000001,1,13.16604,8.766037,-0.02633314,0.57418644,0.60783285,-3.0774684,0,1
0.6000000000000001,1,13.123992,9.565599,0.029000247,0.54812676,0.4523033,-3.0944138,0,2
0.6000000000000001,1,17.3002,10.586711,-0.12922896,0.6633112,0.45506024,-0.007862891,0,3
0.7000000000000001,1,3.1844032,-2.8343916,0.19982523,4.117559,1.9999627,3.1166337,3,1
0.7000000000000001,1,21.60433,2.901711,0.079156026,4.26859,2.1693852,0.0015469721,3,2
0.7000000000000001,1,23.24424,-0.64317805,0.022777647,3.2327654,2.0,3.116107,29,1
0.7000000000000001,1,12.363116,8.791376,0.01998474,0.5879215,0.59176606,-3.0780048,0,1
0.7000000000000001,1,12.401423,9.565624,0.07141478,0.3874079,0.46937552,-3.093665,0,2
0.7000000000000001,1,16.408487,10.63932,-0.051940605,0.6527018,0.5270684,0.0054032826,0,3
0.8,1,3.1161172,-2.8437488,0.21021748,4.117559,1.9999627,3.1163423,3,1
0.8,1,19.677988,2.8964705,0.14799067,4.26859,2.1693852,0.0012502329,3,2
0.8,1,30.50393,18.336575,0.6033133,4.2085047,2.1401405,0.48314998,3,3
0.8,1,23.534586,-0.6661042,0.09620522,3.2327654,2.0,3.1158166,29,1
0.8,1,11.509704,8.857932,0.08330114,0.602344,0.5075067,-3.0783165,0,1
0.8,1,11.583278,9.526299,0.12856914,0.35714766,0.45067126,-3.0915182,0,2
0.8,1,15.483213,10.58163,0.045709632,0.63523585,0.47234777,0.028079867,0,3
0.9,1,3.0478358,-2.8506107,0.20616122,4.117559,1.9999627,3.1163871,3,1
0.9,1,17.73927,2.9050581,0.15057614,4.26859,2.1693852,0.0012914242,3,2
0.9,1,29.626522,18.337757,0.62867576,4.2085047,2.1401405,0.48312214,3,3
0.9,1,23.825907,-0.67516667,0.10116858,3.2327654,2.0,3.1158626,29,1
0.9,1,10.70814,8.848233,0.094220355,0.43860415,0.58498925,-3.0782812,0,1
0.9,1,10.885282,9.534918,0.13816947,0.6585595,0.45106816,-3.0876884,0,2
0.9,1,14.404417,10.611036,0.043517306,0.5224332,0.5092995,0.059363503,0,3
0.9,1,15.206843,8.627619,3.118817,0.24368034,0.60725135,2.9165912,10,3
1.0,1,2.9767427,-2.8594458,0.19622634,4.117559,1.9999627,3.1162007,3,1
1.0,1,15.787371,2.9168382,0.12022979,4.26859,2.1693852,0.0011045395,3,2
1.0,1,28.744444,18.334616,0.57524353,4.2085047,2.1401405,0.48292902,3,3
1.0,1,24.118505,-0.6863672,0.06084742,3.2327654,2.0,3.1156778,29,1
1.0,1,10.027892,8.835053,0.06405004,0.47466484,0.5953986,-3.08787,0,1
1.0,1,10.047199,9.4965315,0.11233081,0.6471259,0.5328338,-3.082806,0,2
1.0,1,13.32538,10.616267,0.048979368,0.38028094,0.5286996,0.08891264,0,3
1.0,1,30.49692,8.6940975,-0.11797451,0.44343767,0.62559605,-3.1341958,0,4
1.0,1,14.302465,8.606576,3.0085537,0.24368034,0.60725135,3.114954,10,3
1.1,1,2.9041877,-2.8689222,0.18768452,4.117559,1.9999627,3.1159372,3,1
1.1,1,13.821924,2.9379466,0.095268786,4.26859,2.1693852,0.00084025296,3,2
1.1,1,24.415298,-0.69676906,0.007856065,3.2327654,2.0,3.1154153,29,1
1.1,1,9.145467,8.870455,0.04018554,0.4777469,0.5371025,-3.0881238,0,1
1.1,1,9.17268,9.478302,0.08425374,0.7143523,0.6105822,-3.0777338,0,2
1.1,1,12.393055,10.610585,-0.027904967,0.54167604,0.53107435,0.0886626,0,3
1.1,1,13.388658,8.583767,2.9404895,0.24368034,0.60725135,-2.9866662,10,3
1.2000000000000002,1,2.8308752,-2.8816917,0.19308925,4.117559,1.9999627,3.115493,3,1
1.2000000000000002,1,11.840404,2.966466,0.110924594,4.26859,2.1693852,0.00039261975,3,2
1.2000000000000002,1,26.958687,18.326113,0.49855986,4.2085047,2.1401405,0.4822911,3,3
1.2000000000000002,1,24.718618,-0.7117314,0.005366743,3.2327654,2.0,3.1149719,29,1
1.2000000000000002,1,8.376347,8.842299,0.026775587,0.6206845,0.578235,-3.0885603,0,1
1.2000000000000002,1,8.282073,9.509571,0.07922166,0.5624855,0.52926266,-3.073827,0,2
1.2000000000000002,1,11.378822,10.522444,-0.01859214,1.0162088,0.6793667,0.027239945,0,3
1.2000000000000002,1,12.46506,8.561042,2.9520273,0.24368034,0.60725135,-2.8151512,10,3
1.3,1,2.7597835,-2.897808,0.20624691,4.117559,1.9999627,3.1150408,3,1
1.3,1,9.829309,3.0004513,0.14729023,4.26859,2.1693852,-6.5751214e-05,3,2
1.3,1,26.055271,18.32043,0.5425792,4.2085047,2.1401405,0.48187274,3,3
1.3,1,25.029146,-0.7279372,0.04279044,3.2327654,2.0,3.11452,29,1
1.3,1,7.4567933,8.840872,0.039967433,0.5690451,0.5865582,-3.0890114,0,1
1.3,1,7.391688,9.478737,0.08846738,0.45454922,0.4734568,-3.0721636,0,2
1.3,1,10.359722,10.604659,-0.04938947,0.77021444,0.531137,0.042786125,0,3
1.3,1,11.534242,8.541766,3.0150235,0.24368034,0.60725135,-2.6712441,10,3
1.3,1,24.62701,-10.504509,0.43990725,0.3623979,0.8971636,-0.09296748,10,7
1.4000000000000001,1,2.6911073,-2.9181182,0.22272076,4.117559,1.9999627,3.1145916,3,1
1.4000000000000001,1,7.785142,3.0261886,0.17389236,4.26859,2.1693852,-0.0005198577,3,2
1.4000000000000001,1,25.143267,18.315905,0.58188343,4.2085047,2.1401405,0.48147726,3,3
1.4000000000000001,1,25.343988,-0.7448889,0.08390393,3.2327654,2.0,3.114071,29,1
1.4000000000000001,1,6.527859,8.810236,0.046427857,0.6395043,0.621969,-3.091723,0,1
1.4000000000000001,1,6.6181455,9.497017,0.09069792,0.3674092,0.45194888,-3.0739682,0,2
1.4000000000000001,1,9.357452,10.578367,-0.001420989,0.6594576,0.5645884,0.087336056,0,3
1.4000000000000001,1,10.599702,8.532112,3.0753295,0.24368034,0.60725135,-2.5726128,10,3
1.4000000000000001,1,23.695044,-10.5119,0.50687,0.3623979,0.8971636,-0.09341835,10,7
1.5,1,2.6257677,-2.9430532,0.23242028,4.117559,1.9999627,3.113986,3,1
1.5,1,5.768054,2.9965272,0.19076619,4.26859,2.1693852,-0.0011300377,3,2
1.5,1,25.661852,-0.76903325,0.103399105,3.2327654,2.0,3.1134653,29,1
1.5,1,5.677392,8.789591,0.05494333,0.44501224,0.54555726,-3.0900643,0,1
1.5,1,5.790595,9.462319,0.09732648,0.48727497,0.45487168,-3.0806537,0,2
1.5,1,8.200263,10.567858,-0.010762203,0.4556118,0.5091258,0.086728886,0,3
1.5,1,33.38264,-6.490199,-0.0067765717,0.6782691,0.695573,-3.0853589,11,4
1.5,1,9.667796,8.527465,3.1133628,0.24368034,0.60725135,-2.5372686,10,3
1.5,1,22.75436,-10.524673,0.5414475,0.3623979,0.8971636,-0.0940223,10,7
1.6,1,2.5630531,-2.9693792,0.23688647,4.117559,1.9999627,3.1136553,3,1
1.6,1,3.812576,2.9118478,0.20065325,4.26859,2.1693852,-0.0014602122,3,2
1.6,1,25.978228,-0.7867582,0.083538264,3.2327654,2.0,3.1131344,29,1
1.6,1,4.8502407,8.83507,0.049807943,0.3545504,0.6195633,-3.090389,0,1
1.6,1,4.9295635,9.508872,0.092908055,0.4507985,0.5450725,-3.090389,0,2
1.6,1,25.671806,8.655258,-0.17050913,0.41948178,0.6231102,-3.13199,0,4
1.6,1,30.694302,9.647606,-0.16506952,0.7389365,0.66599655,0.12735417,0,6
1.6,1,8.734056,8.543078,3.0814424,0.24368034,0.60725135,-2.5824983,10,3
1.6,1,21.80784,-10.529711,0.5491165,0.3623979,0.8971636,-0.09435807,10,7
1.7000000000000002,1,2.502551,-2.9970505,0.23701663,4.117559,1.9999627,3.113356,3,1
1.7000000000000002,1,1.8467822,2.8977757,0.22837803,4.26859,2.1693852,-0.0017550628,3,2
1.7000000000000002,1,26.290796,-0.80530465,0.050324615,3.2327654,2.0,3.1128347,29,1
1.7000000000000002,1,24.78103,8.637791,-0.09554901,0.5188177,0.5924919,-3.1323342,0,4
1.7000000000000002,1,29.448156,9.623015,-0.18745725,0.45411056,0.6617364,0.12706728,0,6
1.7000000000000002,1,7.7972054,8.573416,2.9850187,0.24368034,0.60725135,-2.715039,10,3
1.7000000000000002,1,20.852093,-10.534235,0.5463563,0.3623979,0.8971636,-0.09466267,10,7
1.8,1,2.4450777,-3.0223577,0.22466514,4.117559,1.9999627,3.1134622,3,1
1.8,1,-0.08708883,2.894969,0.25058457,4.26859,2.1693852,-0.0016418931,3,2
1.8,1,21.395117,18.305717,0.57716453,4.2085047,2.1401405,0.4804206,3,3
1.8,1,26.596806,-0.8137699,-0.02032784,3.2327654,2.0,3.1129405,29,1
1.8,1,23.843565,8.677929,-0.18366595,0.70305365,0.52319413,-3.1323435,0,4
1.8,1,28.374987,9.662391,-0.21365252,0.458349,0.66447216,0.12718125,0,6
1.8,1,30.489134,-6.4864416,0.022767542,0.6782691,0.695573,-3.0858643,11,4
1.8,1,6.8500333,8.606015,2.852765,0.24368034,0.60725135,-2.8956974,10,3
1.8,1,19.890081,-10.530188,0.5055165,0.3623979,0.8971636,-0.09456181,10,7
1.9000000000000001,1,2.3905127,-3.046614,0.21797629,4.117559,1.9999627,3.1134539,3,1
1.9000000000000001,1,-1.8537004,2.88392,0.2929501,4.26859,2.1693852,-0.0016386074,3,2
1.9000000000000001,1,20.42316,18.310678,0.52841043,4.2085047,2.1401405,0.4804805,3,3
1.9000000000000001,1,26.894789,-0.82440436,-0.068037555,3.2327654,2.0,3.1129317,29,1
1.9000000000000001,1,2.2725513,8.881552,0.024482466,0.70679444,0.495288,-3.0905664,0,1
1.9000000000000001,1,2.1943994,9.644757,0.07803711,0.6746798,0.5484097,-3.0905664,0,2
1.9000000000000001,1,4.006625,10.602805,-0.024188286,0.692703,0.49181426,0.025222745,0,3
1.9000000000000001,1,23.079155,8.611302,-0.2108277,0.6563593,0.54664093,-3.1322374,0,4
1.9000000000000001,1,27.153906,9.625456,-0.28651562,0.3553928,0.48730132,0.1271975,0,6
1.9000000000000001,1,29.529455,-6.4794927,0.0026899383,0.6782691,0.695573,-3.0858593,11,4
1.9000000000000001,1,5.8842053,8.626893,2.7155855,0.24368034,0.60725135,-3.0748043,10,3
2.0,1,2.3381112,-3.0681632,0.21454641,4.117559,1.9999627,3.1133618,3,1
2.0,1,-3.6304026,2.8741238,0.34071028,4.26859,2.1693852,-0.0017226473,3,2
2.0,1,19.440834,18.313381,0.5336059,4.2085047,2.1401405,0.48041683,3,3
2.0,1,27.182724,-0.8378772,-0.058359597,3.2327654,2.0,3.112839,29,1
2.0,1,1.3334594,8.94166,0.031787768,0.764284,0.5555643,-3.0906558,0,1
2.0,1,1.2311422,9.647557,0.08225412,0.5830277,0.5478707,-3.0893624,0,2
2.0,1,2.9111283,10.57235,-0.054587647,0.6299407,0.42026433,-0.00346421,0,3
2.0,1,22.19656,8.61856,-0.20239916,0.44873783,0.5602386,-3.1323283,0,4
2.0,1,26.042812,9.572985,-0.11400944,0.7193112,0.4960971,0.12711123,0,6
2.0,1,18.173395,-9.834976,-0.06775441,0.46325898,0.46991715,-3.0859487,11,3
2.0,1,28.570433,-6.476287,0.01894826,0.6782691,0.695573,-3.0859487,11,4
2.0,1,4.891191,8.612111,2.6432476,0.24368034,0.60725135,3.0810912,10,3
2.0,1,17.932983,-10.524251,0.5369676,0.3623979,0.8971636,-0.09467409,10,7
2.0,1,18.618965,-10.09978,2.3548048,0.3145323,1.0032,-0.019064162,10,8
2.1,1,2.2877505,-3.0892115,0.22017919,4.117559,1.9999627,3.1133115,3,1
2.1,1,18.447514,18.31632,0.58102715,4.2085047,2.1401405,0.48038566,3,3
2.1,1,27.460957,-0.85132873,0.026700428,3.2327654,2.0,3.1127884,29,1
2.1,1,0.3754359,8.944097,0.040991098,0.58520615,0.5359617,-3.0907104,0,1
2.1,1,1.7177744,10.568517,-0.059821397,0.45298752,0.41797388,-0.02507202,0,3
2.1,1,21.41563,8.640143,-0.14328706,0.4034325,0.537167,-3.1341715,0,4
2.1,1,24.943012,9.616613,-0.18513957,0.6823045,0.4898348,0.12705517,0,6
2.1,1,17.187151,-9.8299,0.014043815,0.46325898,0.46991715,-3.0860033,11,3
2.1,1,27.610817,-6.473822,0.09319595,0.6782691,0.695573,-3.0860033,11,4
2.1,1,3.8698583,8.562236,2.6514726,0.24368034,0.60725135,3.0379648,10,3
2.1,1,16.939764,-10.521491,0.6149695,0.3623979,0.8971636,-0.0947187,10,7
2.1,1,17.61964,-10.095087,2.4332283,0.3145323,1.0032,-0.019115008,10,8
2.2,1,2.2355573,-3.1104288,0.22477578,4.117559,1.9999627,3.1132648,3,1
2.2,1,17.444561,18.320381,0.6036114,4.2085047,2.1401405,0.48037785,3,3
2.2,1,27.726942,-0.86417794,0.108433835,3.2327654,2.0,3.1127412,29,1
2.2,1,-0.544484,8.981351,0.040320374,0.45629278,0.50761133,-3.0907574,0,1
2.2,1,0.6054412,10.651293,-0.037121315,0.4869047,0.5657504,-0.032376047,0,3
2.2,1,20.603537,8.625168,-0.0580937,0.5958741,0.6030905,-3.1354082,0,4
2.2,1,23.779314,9.666561,-0.15698029,0.45868158,0.51074386,0.12701006,0,6
2.2,1,16.189526,-9.82366,0.08166951,0.46325898,0.46991715,-3.0860503,11,3
2.2,1,26.64515,-6.472054,0.14896895,0.6782691,0.695573,-3.0860503,11,4
2.2,1,15.938226,-10.517376,0.68600273,0.3623979,0.8971636,-0.09476329,10,7
2.3000000000000003,1,2.1787028,-3.133838,0.21150988,4.117559,1.9999627,3.1134036,3,1
2.3000000000000003,1,16.431543,18.326494,0.5780844,4.2085047,2.1401405,0.48053512,3,3
2.3000000000000003,1,27.982063,-0.87311697,0.09845443,3.2327654,2.0,3.1128795,29,1
2.3000000000000003,1,-1.4501625,8.928481,0.035202615,0.4017239,0.5876386,-3.0906148,0,1
2.3000000000000003,1,-1.2991589,9.46995,0.06410266,0.35193557,0.4504697,-3.0906148,0,2
2.3000000000000003,1,-0.5741709,10.692684,0.009334175,0.77888006,0.52599156,-0.017937263,0,3
2.3000000000000003,1,19.73887,8.693066,-0.11345615,0.91880727,0.5437475,-3.1322875,0,4
2.3000000000000003,1,22.594715,9.606035,-0.12355475,0.36486313,0.45551082,0.12715653,0,6
2.3000000000000003,1,15.182849,-9.812309,0.07151606,0.46325898,0.46991715,-3.0859072,11,3
2.3000000000000003,1,25.669895,-6.4686456,0.10493626,0.6782691,0.695573,-3.0859072,11,4
2.3000000000000003,1,1.9670473,8.51555,1.6953802,0.3060937,0.46446005,2.1157775,10,1
2.3000000000000003,1,14.931426,-10.511428,0.68566406,0.3623979,0.8971636,-0.09462836,10,7
2.4000000000000004,1,2.1111808,-3.1595855,0.18644246,4.117559,1.9999627,3.1139493,3,1
2.4000000000000004,1,15.400833,18.33942,0.5125223,4.2085047,2.1401405,0.48109984,3,3
2.4000000000000004,1,28.22515,-0.8699382,0.007926209,3.2327654,2.0,3.113425,29,1
2.4000000000000004,1,-2.3424325,8.932106,0.037069313,0.5321169,0.44135964,-3.0900586,0,1
2.4000000000000004,1,-2.284312,9.569982,0.074731745,0.6421165,0.59895754,-3.0900586,0,2
2.4000000000000004,1,-1.5985961,10.678546,-0.07704957,0.7530648,0.5854475,0.025725938,0,3
2.4000000000000004,1,18.73568,8.675875,-0.15407622,0.6882436,0.63469684,-3.1222458,0,4
2.4000000000000004,1,21.098774,10.306751,-0.17539127,0.3710794,0.4790506,-0.018553076,0,5
2.4000000000000004,1,14.167372,-9.789379,0.00731795,0.46325898,0.46991715,-3.0853508,11,3
2.4000000000000004,1,24.678679,-6.4572635,-0.006036728,0.6782691,0.695573,-3.0853508,11,4
2.4000000000000004,1,0.9472369,8.520438,1.691147,0.3060937,0.46446005,2.1161268,10,1
2.4000000000000004,1,13.918569,-10.499418,0.6375233,0.3623979,0.8971636,-0.09409333,10,7
2.5,1,2.029364,-3.186743,0.16414554,4.117559,1.9999627,3.1150408,3,1
2.5,1,14.347786,18.36346,0.42875275,4.2085047,2.1401405,0.48224404,3,3
2.5,1,28.457417,-0.8466987,-0.1038927,3.2327654,2.0,3.1145165,29,1
2.5,1,-3.2934587,8.967748,0.042822562,0.6862998,0.54822165,-3.089025,0,1
2.5,1,-3.3053546,9.522783,0.07839681,0.69440645,0.5265271,-3.0889,0,2
2.5,1,-2.6901698,10.584491,-0.033104453,0.6701891,0.45485818,0.08786858,0,3
2.5,1,17.703716,8.68588,-0.23352031,0.47228926,0.6710356,-3.1077127,0,4
2.5,1,19.980093,10.353308,-0.33547947,0.72235566,0.47969902,-0.017654328,0,5
2.5,1,13.1451435,-9.749799,-0.05864436,0.46325898,0.46991715,-3.0842416,11,3
2.5,1,23.668587,-6.4323845,-0.11133457,0.6782691,0.695573,-3.0842416,11,4
2.5,1,-0.0885285,8.528648,1.6861068,0.3060937,0.46446005,2.1169822,10,1
2.6,1,1.9238945,-3.2218697,0.15306623,4.117559,1.9999627,3.1161094,3,1
2.6,1,13.280185,18.384384,0.40300035,4.2085047,2.1401405,0.4833191,3,3
2.6,1,43.174572,2.7987525,-0.94880295,3.9085243,1.8694102,-0.0041894964,3,8
2.6,1,28.676905,-0.8244384,-0.15733624,3.2327654,2.0,3.1155849,29,1
2.6,1,-3.8810647,10.634621,0.0062484373,0.5516724,0.3654905,0.10501245,0,3
2.6,1,16.916386,8.733221,-0.2657692,0.35388952,0.5870961,-3.093071,0,4
2.6,1,18.760725,10.335143,-0.37547743,0.9219556,0.4872869,-0.016888384,0,5
2.6,1,12.106919,-9.707894,-0.09399375,0.46325898,0.46991715,-3.0831666,11,3
2.6,1,22.633528,-6.411459,-0.15475272,0.6782691,0.695573,-3.0831666,11,4
2.6,1,-1.1426166,8.533098,1.7007183,0.3060937,0.46446005,2.1179183,10,1
2.7,1,1.7932773,-3.262005,0.16493434,4.117559,1.9999627,3.1171947,3,1
2.7,1,12.197633,18.406218,0.42036006,4.2085047,2.1401405,0.48440254,3,3
2.7,1,40.91573,2.8497047,-0.8079176,3.9085243,1.8694102,-0.0031062833,3,8
2.7,1,28.88765,-0.79825866,-0.1066507,3.2327654,2.0,3.1166704,29,1
2.7,1,-5.149351,10.646824,-0.013586782,0.4001316,0.48732617,0.07846691,0,3
2.7,1,15.963669,8.765747,-0.2492079,0.41913223,0.5661332,-3.082085,0,4
2.7,1,17.590748,10.390057,-0.3627585,0.7346216,0.48095357,-0.015500115,0,5
2.7,1,11.056129,-9.663138,-0.061089694,0.46325898,0.46991715,-3.082085,11,3
2.7,1,21.578594,-6.3878927,-0.10184966,0.6782691,0.695573,-3.082085,11,4
2.7,1,-2.216863,8.538026,1.7144986,0.3060937,0.46446005,2.1190836,10,1
2.8000000000000003,1,1.6312727,-3.2982762,0.19283491,4.117559,1.9999627,3.1178954,3,1
2.8000000000000003,1,11.107139,18.42216,0.45350802,4.2085047,2.1401405,0.48509562,3,3
2.8000000000000003,1,38.6426,2.8802228,-0.6155472,3.9085243,1.8694102,-0.002410301,3,8
2.8000000000000003,1,29.088633,-0.782013,-0.01415132,3.2327654,2.0,3.1173713,29,1
2.8000000000000003,1,15.052564,8.762053,-0.18588912,0.7310027,0.57687086,-3.077831,0,4
2.8000000000000003,1,16.323208,10.408812,-0.2624206,0.643001,0.4906404,-0.013756818,0,5
2.8000000000000003,1,9.986677,-9.624167,0.010348831,0.46325898,0.46991715,-3.0813918,11,3
2.8000000000000003,1,20.500792,-6.3697968,-0.015492568,0.6782691,0.695573,-3.0813918,11,4
2.8000000000000003,1,-3.306229,8.541945,1.7242937,0.3060937,0.46446005,2.1199446,10,1
2.9000000000000004,1,1.4401892,-3.3135154,0.22380324,4.117559,1.9999627,3.1187124,3,1
2.9000000000000004,1,10.004921,18.440342,0.46860942,4.2085047,2.1401405,0.4859069,3,3
2.9000000000000004,1,36.355,2.9133072,-0.50139177,3.9085243,1.8694102,-0.0015981522,3,8
2.9000000000000004,1,29.285208,-0.7594189,0.021316376,3.2327654,2.0,3.1181889,29,1
2.9000000000000004,1,13.964896,8.846356,-0.14162792,0.6926757,0.705161,-3.077993,0,4
2.9000000000000004,1,14.982016,10.43995,-0.22501878,0.49356994,0.5049117,-0.013983424,0,5
2.9000000000000004,1,15.266604,9.784332,-0.14689407,0.6890891,0.6169175,0.1325009,0,6
2.9000000000000004,1,19.408335,-6.3427014,0.025777573,0.6782691,0.695573,-3.0805779,11,4
2.9000000000000004,1,-4.4062476,8.545239,1.7346042,0.3060937,0.46446005,2.1208177,10,1
2.9000000000000004,1,-4.401475,8.67491,2.863944,0.24368034,0.60725135,2.97184,10,3
3.0,1,1.2264132,-3.3061602,0.26092386,4.117559,1.9999627,3.1194165,3,1
3.0,1,8.892684,18.456778,0.46447104,4.2085047,2.1401405,0.48662823,3,3
3.0,1,34.052288,2.9391642,-0.4411429,3.9085243,1.8694102,-0.00089876354,3,8
3.0,1,29.477015,-0.73832333,0.013099899,3.2327654,2.0,3.1188934,29,1
3.0,1,12.990248,8.758793,-0.14734998,0.6995816,0.5974489,-3.07987,0,4
3.0,1,13.741238,10.475781,-0.23010871,0.6160246,0.55315477,-0.017149283,0,5
3.0,1,13.960744,9.793035,-0.14301491,0.88632005,0.620173,0.13321127,0,6
3.0,1,18.299067,-6.314344,0.04280085,0.6782691,0.695573,-3.07987,11,4
3.0,1,-5.5180826,8.547548,1.7453125,0.3060937,0.46446005,2.1215072,10,1
3.0,1,-5.503865,8.703384,2.87465,0.24368034,0.60725135,2.9597626,10,3
3.1,1,1.0377921,-3.302814,0.27440295,4.117559,1.9999627,3.12031,3,1
3.1,1,7.7689924,18.47401,0.4987859,4.2085047,2.1401405,0.48747215,3,3
3.1,1,31.737812,2.9674523,-0.39010704,3.9085243,1.8694102,-1.3464029e-05,3,8
3.1,1,29.667515,-0.7111805,-0.015094129,3.2327654,2.0,3.1197875,29,1
3.1,1,12.0579605,8.799688,-0.14111568,0.43494242,0.5764326,-3.0807507,0,4
3.1,1,12.531295,10.442794,-0.2195215,0.7709201,0.45592776,-0.01238529,0,5
3.1,1,12.788693,9.822854,-0.16632567,0.6701738,0.59698665,0.13409397,0,6
3.1,1,17.177078,-6.281689,0.040525585,0.6782691,0.695573,-3.0789816,11,4
3.1,1,-6.642864,8.545354,1.7756187,0.3060937,0.46446005,2.1223474,10,1
3.1,1,-6.618303,8.734828,2.9042895,0.24368034,0.60725135,2.9453897,10,3
3.2,1,0.87609607,-3.3087375,0.28266564,4.117559,1.9999627,3.1211402,3,1
3.2,1,6.632219,18.491753,0.5141078,4.2085047,2.1401405,0.48831114,3,3
3.2,1,29.41117,2.9922824,-0.30901247,3.9085243,1.8694102,0.00080846995,3,8
3.2,1,29.85332,-0.68173146,-0.01017699,3.2327654,2.0,3.1206174,29,1
3.2,1,11.020399,8.849519,-0.13773812,0.40829638,0.6284403,-3.0804548,0,4
3.2,1,11.30437,10.507797,-0.21160218,0.8271585,0.5011017,0.008025805,0,5
3.2,1,11.520008,9.822143,-0.13731757,0.5092653,0.69109595,0.13492474,0,6
3.2,1,16.04002,-6.249825,0.07517406,0.6782691,0.695573,-3.0781515,11,4
3.3000000000000003,1,0.7350586,-3.318345,0.28413552,4.117559,1.9999627,3.1219008,3,1
3.3000000000000003,1,5.4866776,18.511076,0.5483035,4.2085047,2.1401405,0.48906675,3,3
3.3000000000000003,1,27.076193,3.0143743,-0.19166575,3.9085243,1.8694102,0.0015590419,3,8
3.3000000000000003,1,30.035378,-0.6506072,0.0370612,3.2327654,2.0,3.1213782,29,1
3.3000000000000003,1,10.070835,8.856814,-0.07052187,0.6233713,0.5890021,-3.0790823,0,4
3.3000000000000003,1,9.99148,10.487748,-0.13853717,0.63669026,0.44592348,0.030346742,0,5
3.3000000000000003,1,10.1880245,9.868191,-0.028766192,0.45906946,0.67189217,0.13567674,0,6
3.3000000000000003,1,14.890191,-6.220052,0.13457748,0.6782691,0.695573,-3.0773962,11,4
3.4000000000000004,1,0.60528433,-3.3314989,0.27564207,4.117559,1.9999627,3.1222765,3,1
3.4000000000000004,1,4.3379264,18.527733,0.5676578,4.2085047,2.1401405,0.48945716,3,3
3.4000000000000004,1,24.733528,3.0236406,-0.12128465,3.9085243,1.8694102,0.0019263526,3,8
3.4000000000000004,1,42.69008,2.9327817,-0.20227766,4.8348866,2.312876,-0.0041313367,3,9
3.4000000000000004,1,30.211279,-0.6302799,0.0433685,3.2327654,2.0,3.1217537,29,1
3.4000000000000004,1,9.005327,8.85065,-0.08745372,0.8533341,0.62707126,-3.0770202,0,4
3.4000000000000004,1,8.554176,10.561807,-0.11629238,0.45800844,0.5236952,0.053133726,0,5
3.4000000000000004,1,8.862735,9.844645,-0.0386498,0.6028203,0.6395856,0.13605374,0,6
3.4000000000000004,1,13.725803,-6.20171,0.17405978,0.6782691,0.695573,-3.0770202,11,4
3.5,1,0.4810361,-3.3426344,0.26099288,4.117559,1.9999627,3.122294,3,1
3.5,1,3.1853244,18.544403,0.548979,4.2085047,2.1401405,0.48954254,3,3
3.5,1,22.386456,3.0257857,-0.12682687,3.9085243,1.8694102,0.0019394468,3,8
3.5,1,40.385204,2.958009,-0.24948423,4.8348866,2.312876,-0.004111008,3,9
3.5,1,30.38174,-0.61765164,-0.035347864,3.2327654,2.0,3.1217709,29,1
3.5,1,7.8382053,8.878706,-0.12012529,0.6333283,0.58900356,-3.0743556,0,4
3.5,1,7.1838803,10.587348,-0.1417414,0.7134055,0.49274704,0.076487765,0,5
3.5,1,7.556237,9.89407,-0.08545081,0.7720248,0.73728925,0.1360964,0,6
3.5,1,12.550339,-6.193136,0.18192355,0.6782691,0.695573,-3.076989,11,4
3.6,1,0.35169938,-3.3522835,0.24766307,4.117559,1.9999627,3.1219568,3,1
3.6,1,2.0266447,18.555231,0.59649163,4.2085047,2.1401405,0.48916277,3,3
3.6,1,20.036755,3.0167863,-0.08586954,3.9085243,1.8694102,0.0015942926,3,8
3.6,1,38.068356,2.9608152,-0.21634875,4.8348866,2.312876,-0.0044496395,3,9
3.6,1,30.54458,-0.6216677,-0.06843724,3.2327654,2.0,3.1214335,29,1
3.6,1,6.8257265,8.887033,-0.092411935,0.5550376,0.5801059,-3.0713952,0,4
3.6,1,5.8834023,10.566532,-0.1208099,0.98345464,0.5591821,0.09946509,0,5
3.6,1,6.2773314,9.844144,-0.063156076,0.88221455,0.64228666,0.13574871,0,6
3.6,1,11.362038,-6.2014103,0.19959149,0.6782691,0.695573,-3.0773315,11,4
3.7,1,0.21364437,-3.3522809,0.24655654,4.117559,1.9999627,3.122166,3,1
3.7,1,0.83924717,18.567984,0.62840956,4.2085047,2.1401405,0.489338,3,3
3.7,1,17.682335,3.0227265,-0.026422037,3.9085243,1.8694102,0.0017967311,3,8
3.7,1,35.73509,2.9852402,-0.13550104,4.8348866,2.312876,-0.004243314,3,9
3.7,1,30.699167,-0.6060095,-0.060217574,3.2327654,2.0,3.1216426,29,1
3.7,1,5.7802277,8.859836,-0.06126786,0.38875642,0.46193886,-3.0678906,0,4
3.7,1,4.57836,10.579479,-0.09618055,1.0286373,0.57246107,0.12298062,0,5
3.7,1,4.8866386,9.891531,-0.028231548,0.58327705,0.6472201,0.13594496,0,6
3.7,1,10.167791,-6.2093453,0.2380475,0.6782691,0.695573,-3.0771296,11,4
3.8000000000000003,1,0.0660215,-3.3452883,0.25055903,4.117559,1.9999627,3.1231997,3,1
3.8000000000000003,1,-0.38206166,18.578032,0.66021466,4.2085047,2.1401405,0.49031052,3,3
3.8000000000000003,1,15.324682,3.0425406,0.024852734,3.9085243,1.8694102,0.0028248574,3,8
3.8000000000000003,1,33.38359,3.032573,-0.075808086,4.8348866,2.312876,-0.0032145663,3,9
3.8000000000000003,1,30.845156,-0.5643807,-0.052234486,3.2327654,2.0,3.1226764,29,1
3.8000000000000003,1,26.72431,9.308351,-0.36304337,0.353005,0.5340207,-3.0435052,0,10
3.8000000000000003,1,4.820235,8.903275,-0.043959253,0.7030691,0.52583563,-3.0635667,0,4
3.8000000000000003,1,3.1765845,10.62855,-0.05943576,0.8737058,0.49814466,0.14730662,0,5
3.8000000000000003,1,3.5178075,9.861675,0.0067431405,0.5690722,0.45894074,0.13695826,0,6
3.8000000000000003,1,8.969758,-6.2100687,0.2671024,0.6782691,0.695573,-3.0761068,11,4
3.9000000000000004,1,-0.09433941,-3.3326502,0.26095706,4.117559,1.9999627,3.1241357,3,1
3.9000000000000004,1,-1.6216259,18.585016,0.6603281,4.2085047,2.1401405,0.49121514,3,3
3.9000000000000004,1,12.969197,3.060801,0.057628307,3.9085243,1.8694102,0.0037591893,3,8
3.9000000000000004,1,31.016518,3.0751455,-0.06280236,4.8348866,2.312876,-0.0022842365,3,9
3.9000000000000004,1,30.982092,-0.52208585,-0.05338933,3.2327654,2.0,3.1236124,29,1
3.9000000000000004,1,3.6625993,8.937968,-0.017606143,0.8434322,0.576644,-3.0593352,0,4
3.9000000000000004,1,1.7383456,10.648597,-0.03567619,0.39005443,0.44842115,0.17153834,0,5
3.9000000000000004,1,2.0989177,9.889858,0.0010866944,0.71925306,0.45525602,0.1378835,0,6
3.9000000000000004,1,7.7635293,-6.2016897,0.28802657,0.6782691,0.695573,-3.0751767,11,4
4.0,1,-0.27010262,-3.3177092,0.27978334,4.117559,1.9999627,3.1248548,3,1
4.0,1,-2.8763876,18.58847,0.6319172,4.2085047,2.1401405,0.49196514,3,3
4.0,1,10.616161,3.0748281,0.07780838,3.9085243,1.8694102,0.004481754,3,8
4.0,1,28.634064,3.125491,-0.057068884,4.8348866,2.312876,-0.0015707911,3,9
4.0,1,31.108324,-0.48307338,-0.050091773,3.2327654,2.0,3.1243312,29,1
4.0,1,2.4539325,8.892892,-0.018762639,0.8907763,0.4505628,-3.05531,0,4
4.0,1,0.4287831,10.573371,-0.03126116,0.5127297,0.33665055,0.19557251,0,5
4.0,1,0.7101465,9.914733,-0.025262926,0.94959927,0.43752107,0.13860938,0,6
4.0,1,20.199232,16.021172,0.2931279,0.43804407,0.56989896,2.8384259,0,9
4.0,1,6.547344,-6.175442,0.3067946,0.6782691,0.695573,-3.0744543,11,4
4.1000000000000005,1,-0.46009696,-3.2996006,0.30875915,4.117559,1.9999627,3.1255696,3,1
4.1000000000000005,1,-4.138751,18.595114,0.5895936,4.2085047,2.1401405,0.4927545,3,3
4.1000000000000005,1,8.264974,3.0838602,0.12127468,3.9085243,1.8694102,0.0052027567,3,8
4.1000000000000005,1,26.238644,3.1780803,0.024823692,4.8348866,2.312876,-0.00086155324,3,9
4.1000000000000005,1,31.226751,-0.43785173,0.04622377,3.2327654,2.0,3.1250463,29,1
4.1000000000000005,1,1.2700541,8.918745,-0.013160747,0.6038638,0.45847356,-3.0512877,0,4
4.1000000000000005,1,-0.9880297,10.5523615,-0.026057718,0.88957494,0.48400468,0.21961135,0,5
4.1000000000000005,1,-0.64948153,9.923919,0.025504597,0.7288868,0.41055796,0.1393339,0,6
4.1000000000000005,1,19.033724,16.066874,0.46813917,0.422829,0.5654246,2.854976,0,9
4.1000000000000005,1,5.323378,-6.120491,0.34008157,0.6782691,0.695573,-3.0737357,11,4
4.2,1,-0.66313934,-3.28504,0.3268038,4.117559,1.9999627,3.1262143,3,1
4.2,1,-5.3748207,18.614908,0.57872945,4.2085047,2.1401405,0.4934414,3,3
4.2,1,5.914641,3.0739267,0.15313639,3.9085243,1.8694102,0.0058555333,3,8
4.2,1,23.83216,3.2056365,0.06630067,4.8348866,2.312876,-0.00022090414,3,9
4.2,1,31.338829,-0.39615464,0.098081246,3.2327654,2.0,3.125691,29,1
4.2,1,0.22272065,8.950306,-0.03564928,0.41589975,0.45224884,-3.047337,0,4
4.2,1,-2.2686236,10.527527,-0.02349917,0.81132114,0.7037373,0.24357559,0,5
4.2,1,-2.0712235,9.9622345,0.041181248,0.52593493,0.4012335,0.13998449,0,6
4.2,1,17.876873,16.06832,0.3120772,0.5405421,0.5425139,2.868875,0,9
4.2,1,4.089827,-6.0527205,0.34081066,0.6782691,0.695573,-3.073089,11,4
4.2,1,28.224316,-6.0901117,0.09646297,0.88799894,0.74983835,-3.073089,11,5
4.3,1,-0.8739121,-3.2732472,0.33006203,4.117559,1.9999627,3.1268408,3,1
4.3,1,-6.58768,18.645847,0.60897964,4.2085047,2.1401405,0.49409387,3,3
4.3,1,3.5393274,3.049115,0.16536632,3.9085243,1.8694102,0.0064940145,3,8
4.3,1,21.417143,3.2148347,0.01611432,4.8348866,2.312876,0.000406786,3,9
4.3,1,31.447456,-0.35567677,0.01694857,3.2327654,2.0,3.1263175,29,1
4.3,1,21.081968,9.5200405,-0.18027204,0.3626149,0.5174451,-3.0398457,0,10
4.3,1,-0.88394475,8.974309,-0.034401692,0.58148164,0.4460241,-3.0433965,0,4
4.3,1,-3.7408597,10.606381,0.00085259764,0.7330674,0.622086,0.2675316,0,5
4.4,1,-1.0925578,-3.2647955,0.32421818,4.117559,1.9999627,3.1277332,3,1
4.4,1,-7.8014517,18.676575,0.6893022,4.2085047,2.1401405,0.49498692,3,3
4.4,1,1.1162215,3.0470257,0.16360246,3.9085243,1.8694102,0.007400019,3,8
4.4,1,18.989592,3.219956,-0.05476394,4.8348866,2.312876,0.001306012,3,9
4.4,1,31.549314,-0.30878916,-0.13524759,3.2327654,2.0,3.1272097,29,1
4.4,1,20.006207,9.582751,-0.2808452,0.81697565,0.5265765,-3.0389404,0,10
4.4,1,-2.00739,9.008802,-0.018363705,0.8218784,0.46589494,-3.0391884,0,4
4.4,1,25.619125,-5.9977098,-0.0707927,0.88799894,0.74983835,-3.071551,11,5
4.5,1,-1.3178706,-3.2578452,0.32059646,4.117559,1.9999627,3.128671,3,1
4.5,1,-1.1287035,3.05868,0.16348203,3.9085243,1.8694102,0.0083499905,3,8
4.5,1,16.551249,3.2264643,-0.04957578,4.8348866,2.312876,0.0022563522,3,9
4.5,1,31.645515,-0.2609985,-0.21391514,3.2327654,2.0,3.1281474,29,1
4.5,1,18.772217,9.595977,-0.31293032,0.6709372,0.5240129,-3.0380023,0,10
4.5,1,11.690981,18.568977,0.5600337,0.49468625,0.45163864,2.8087971,0,7
4.5,1,14.370832,15.940766,0.21767259,0.5253348,0.5245936,2.8951707,0,9
4.5,1,24.332571,-5.9579253,-0.111472204,0.88799894,0.74983835,-3.0706124,11,5
4.6000000000000005,1,-1.5506839,-3.2524095,0.3196799,4.117559,1.9999627,3.129441,3,1
4.6000000000000005,1,-3.4341772,2.995567,0.13901313,3.9085243,1.8694102,0.009128824,3,8
4.6000000000000005,1,14.102562,3.2368221,0.036454607,4.8348866,2.312876,0.0030441408,3,9
4.6000000000000005,1,31.734678,-0.22020325,-0.17659923,3.2327654,2.0,3.1289177,29,1
4.6000000000000005,1,17.51971,9.591487,-0.29927534,0.51608616,0.55209464,-3.0372515,0,10
4.6000000000000005,1,10.533611,18.506817,0.52453536,0.6000012,0.4491428,2.8096123,0,7
4.6000000000000005,1,13.172134,16.007698,0.34108567,0.41641745,0.6364125,2.898899,0,9
4.6000000000000005,1,23.071093,-5.934266,-0.06119574,0.88799894,0.74983835,-3.0698562,11,5
4.7,1,-1.7842445,-3.245046,0.3253821,4.117559,1.9999627,3.1302176,3,1
4.7,1,11.654309,3.2535841,0.13152556,4.8348866,2.312876,0.0038424726,3,9
4.7,1,31.819096,-0.17593113,-0.106245466,3.2327654,2.0,3.1296942,29,1
4.7,1,16.377241,9.629423,-0.2386189,0.31993112,0.5440022,-3.0364876,0,10
4.7,1,9.30383,18.542221,0.5255984,0.61911124,0.45230693,2.8104331,0,7
4.7,1,11.986952,15.980643,0.40790826,0.46066672,0.46084544,2.9004982,0,9
4.7,1,21.84057,-5.920059,0.017665515,0.88799894,0.74983835,-3.0690892,11,5
4.800000000000001,1,-2.0206406,-3.2373183,0.33255717,4.117559,1.9999627,3.1306174,3,1
4.800000000000001,1,9.216589,3.2621756,0.2168325,4.8348866,2.312876,0.0042615575,3,9
4.800000000000001,1,31.895802,-0.14525206,-0.03855336,3.2327654,2.0,3.130094,29,1
4.800000000000001,1,15.193969,9.633675,-0.17164257,0.38041407,0.5405068,-3.036102,0,10
4.800000000000001,1,10.803666,15.920935,0.44562367,0.503712,0.40664303,2.8999827,0,9
4.800000000000001,1,20.59284,-5.926473,0.08218425,0.88799894,0.74983835,-3.0686996,11,5
4.9,1,-2.25498,-3.2277389,0.34313285,4.117559,1.9999627,3.1308105,3,1
4.9,1,6.804514,3.2612967,0.2633587,4.8348866,2.312876,0.0044681565,3,9
4.9,1,31.968906,-0.1198446,-0.035126332,3.2327654,2.0,3.1302872,29,1
4.9,1,6.9458723,18.458769,0.5455233,0.45142275,0.5044937,2.811067,0,7
4.9,1,9.669732,15.864261,0.42993855,0.7625022,0.45208678,2.8978794,0,9
4.9,1,19.29377,-5.9417553,0.09710629,0.88799894,0.74983835,-3.0685055,11,5
5.0,1,-2.4911957,-3.2177348,0.35539994,4.117559,1.9999627,3.1307364,3,1
5.0,1,4.4242506,3.2450862,0.28944778,4.8348866,2.312876,0.0043960097,3,9
5.0,1,32.035988,-0.10465848,-0.08219771,3.2327654,2.0,3.130213,29,1
5.0,1,5.7588143,18.445076,0.5394619,0.4864741,0.4544468,2.810963,0,7
5.0,1,8.386013,15.8546715,0.34019452,0.7046822,0.45783904,2.8944452,0,9
5.0,1,17.956459,-5.9532337,0.0726671,0.88799894,0.74983835,-3.0685742,11,5
5.1000000000000005,1,-2.728733,-3.2063248,0.37186047,4.117559,1.9999627,3.1307704,3,1
5.1000000000000005,1,2.0703332,3.221549,0.32456148,4.8348866,2.312876,0.0044210623,3,9
5.1000000000000005,1,32.09822,-0.08539793,-0.10587716,3.2327654,2.0,3.130247,29,1
5.1000000000000005,1,16.614254,-5.933226,0.06154556,0.88799894,0.74983835,-3.0685346,11,5
5.2,1,-2.9717288,-3.1962214,0.38531944,4.117559,1.9999627,3.1308284,3,1
5.2,1,33.54171,3.2716236,-0.33612224,4.2997537,2.0932877,0.015382869,3,10
5.2,1,-0.26765263,3.1894815,0.3725662,4.8348866,2.312876,0.004459452,3,9
5.2,1,32.15346,-0.06948195,-0.07803857,3.2327654,2.0,3.130305,29,1
5.2,1,10.406824,9.735044,-0.14730008,0.3643266,0.54386526,-3.035883,0,10
5.2,1,15.286188,-5.8801107,0.06788618,0.88799894,0.74983835,-3.0684824,11,5
5.300000000000001,1,-3.2190797,-3.1868498,0.3969135,4.117559,1.9999627,3.1308193,3,1
5.300000000000001,1,31.010939,3.2787232,-0.30312535,4.2997537,2.0932877,0.015336827,3,10
5.300000000000001,1,-2.595704,3.1515613,0.41937563,4.8348866,2.312876,0.004425108,3,9
5.300000000000001,1,32.203163,-0.05891502,-0.064834066,3.2327654,2.0,3.1302962,29,1
5.300000000000001,1,9.19612,9.72528,-0.12190475,0.43075225,0.59434205,-3.0359035,0,10
5.300000000000001,1,2.0052195,18.378235,0.5424195,0.63153934,0.45342165,2.8110616,0,7
5.300000000000001,1,4.7385235,15.77816,0.4746685,0.73138225,0.45765528,2.8772757,0,9
5.300000000000001,1,13.964299,-5.8319683,0.06195343,0.88799894,0.74983835,-3.0684996,11,5
5.300000000000001,1,11.796648,-8.673749,0.17832063,0.46724364,0.58227247,-3.0683486,11,6
5.4,1,-3.4723253,-3.1777737,0.41184893,4.117559,1.9999627,3.1308682,3,1
5.4,1,28.474451,3.29049,-0.30877972,4.2997537,2.0932877,0.015520677,3,10
5.4,1,-4.923763,3.1110337,0.46642885,4.8348866,2.312876,0.004447197,3,9
5.4,1,32.245907,-0.047486834,-0.090388514,3.2327654,2.0,3.130345,29,1
5.4,1,8.093159,9.766718,-0.124686256,0.69412774,0.6084922,-3.035857,0,10
5.4,1,0.8313355,18.323399,0.67905456,0.48331562,0.45832813,2.8111024,0,7
5.4,1,3.4872427,15.796097,0.46035334,0.8245792,0.46255335,2.8686337,0,9
5.4,1,12.633893,-5.8231153,0.046186555,0.88799894,0.74983835,-3.068452,11,5
5.5,1,25.935345,3.300986,-0.26504064,4.2997537,2.0932877,0.015705524,3,10
5.5,1,32.28534,-0.042631466,-0.06088099,3.2327654,2.0,3.1302018,29,1
5.5,1,6.8475404,9.809033,-0.11864897,0.7671663,0.68809944,-3.0360088,0,10
5.5,1,9.9628315,-14.404543,0.3908219,0.814164,0.46680328,0.07299121,0,16
5.5,1,-0.40224355,18.295444,0.60580724,0.4353315,0.50145304,2.81098,0,7
5.5,1,2.2511687,15.750008,0.48972252,0.86815923,0.45240173,2.85808,0,9
5.5,1,11.294326,-5.848687,0.057938103,0.88799894,0.74983835,-3.0686014,11,5
5.6000000000000005,1,23.390005,3.3072376,-0.13435228,4.2997537,2.0932877,0.015767071,3,10
5.6000000000000005,1,32.31712,-0.04888982,0.0991909,3.2327654,2.0,3.1297157,29,1
5.6000000000000005,1,5.486092,9.744155,-0.10198981,0.54836196,0.53105915,-3.0365002,0,10
5.6000000000000005,1,-1.6533532,18.241213,0.61802584,0.55737567,0.45913932,2.8105488,0,7
5.6000000000000005,1,0.9641648,15.811791,0.49741787,0.7519524,0.51308763,2.8453448,0,9
5.6000000000000005,1,9.943629,-5.8931146,0.13105375,0.88799894,0.74983835,-3.069092,11,5
5.6000000000000005,1,7.76989,-8.624779,0.24603496,0.46724364,0.58227247,-3.0683606,11,6
5.7,1,20.836397,3.3171923,0.033031236,4.2997537,2.0932877,0.015944785,3,10
5.7,1,32.33876,-0.06034407,0.3359941,3.2327654,2.0,3.1291046,29,1
5.7,1,4.314935,9.785164,-0.047496043,0.4842235,0.5295596,-3.03713,0,10
5.7,1,-2.8678033,18.22077,0.58376235,0.6405116,0.4552217,2.8100364,0,7
5.7,1,-0.26725182,15.786993,0.4869178,0.62919974,0.58420664,2.8305547,0,9
5.7,1,8.583837,-5.933363,0.21128678,0.88799894,0.74983835,-3.069718,11,5
5.7,1,7.6974435,11.678015,-0.32713464,0.5171256,0.37131518,-3.069718,12,1
5.800000000000001,1,18.269215,3.328638,0.12124572,4.2997537,2.0932877,0.016315307,3,10
5.800000000000001,1,32.345695,-0.0793556,0.4855778,3.2327654,2.0,3.1284146,29,1
5.800000000000001,1,3.0957108,9.778754,-0.004076111,0.46683127,0.5115056,-3.0378306,0,10
5.800000000000001,1,27.06008,10.50067,0.26215416,0.45985037,0.739778,3.078762,0,12
5.800000000000001,1,-4.1807513,18.194056,0.60180014,0.6224441,0.45691806,2.8094013,0,7
5.800000000000001,1,-1.5857966,15.775279,0.5152229,0.73675025,0.62663025,2.8134377,0,9
5.800000000000001,1,7.214488,-5.958704,0.24637187,0.88799894,0.74983835,-3.070416,11,5
5.800000000000001,1,6.346675,11.674321,-0.28886285,0.5171256,0.37131518,-3.070416,12,1
5.9,1,15.689787,3.3518996,0.10673174,4.2997537,2.0932877,0.01723099,3,10
5.9,1,32.34094,-0.0913559,0.4619706,3.2327654,2.0,3.1279724,29,1
5.9,1,1.9273311,9.831395,0.007923177,0.7380129,0.5348732,-3.0382748,0,10
5.9,1,25.84036,10.465336,0.12319933,0.471121,0.53077453,3.0783198,0,12
5.9,1,-2.8245804,15.7312565,0.5289341,0.59152627,0.61103374,2.7941737,0,9
5.9,1,5.844629,-5.9625998,0.22418487,0.88799894,0.74983835,-3.0708592,11,5
5.9,1,4.9882317,11.673829,-0.28651008,0.5171256,0.37131518,-3.0708592,12,1
6.0,1,13.097234,3.3784199,0.0630785,4.2997537,2.0932877,0.018565416,3,10
6.0,1,32.318027,-0.10250963,0.3402828,3.2327654,2.0,3.1277666,29,1
6.0,1,0.66043407,9.806134,-0.03356524,0.81250566,0.48337102,-3.0384836,0,10
6.0,1,-4.1111307,15.699546,0.562918,0.5347899,0.5954372,2.7751112,0,9
6.0,1,4.4740086,-5.954995,0.17829958,0.88799894,0.74983835,-3.0710661,11,5
6.1000000000000005,1,10.514964,3.3991005,0.028874882,4.2997537,2.0932877,0.019183327,3,10
6.1000000000000005,1,32.27731,-0.12134182,0.1898109,3.2327654,2.0,3.127322,29,1
6.1000000000000005,1,-0.6547619,9.810426,-0.0144244265,0.7932801,0.4012703,-3.038923,0,10
6.1000000000000005,1,3.1073778,-5.937373,0.14100201,0.88799894,0.74983835,-3.071506,11,5
6.1000000000000005,1,0.9894219,-8.69539,0.26860794,0.46724364,0.58227247,-3.0697489,11,6
6.2,1,7.9599504,3.4090092,0.038229704,4.2997537,2.0932877,0.018492227,3,10
6.2,1,32.21185,-0.13728832,0.13886368,3.2327654,2.0,3.1268442,29,1
6.2,1,-1.9511652,9.867669,-0.00056903093,0.5616194,0.40207377,-3.0393798,0,10
6.2,1,1.7459861,-5.9121375,0.1504102,0.88799894,0.74983835,-3.0719686,11,5
6.2,1,-0.36789027,-8.710711,0.29186013,0.46724364,0.58227247,-3.0700474,11,6
6.300000000000001,1,5.4598184,3.3997722,0.08626214,4.2997537,2.0932877,0.015575289,3,10
6.300000000000001,1,32.1245,-0.15548651,0.21634857,3.2327654,2.0,3.1262245,29,1
6.300000000000001,1,0.39704797,-5.8814244,0.18380852,0.88799894,0.74983835,-3.072582,11,5
6.4,1,3.024806,3.3721285,0.13020767,4.2997537,2.0932877,0.010182246,3,10
6.4,1,32.012367,-0.17277515,0.29723096,3.2327654,2.0,3.1257129,29,1
6.4,1,19.718307,10.502603,-0.0609701,0.49345416,0.54360163,3.0760415,0,12
6.4,1,-0.9385676,-5.8517723,0.21998364,0.88799894,0.74983835,-3.0730898,11,5
6.4,1,-3.0798123,-8.69101,0.3534476,0.46724364,0.58227247,-3.0708642,11,6
6.4,1,22.881422,9.046354,2.0050414,0.26591352,1.0676554,-3.0632656,10,5
6.5,1,0.6427636,3.379945,0.15758833,4.2997537,2.0932877,0.0029256758,3,10
6.5,1,31.8887,-0.18860772,0.34133455,3.2327654,2.0,3.125257,29,1
6.5,1,18.532745,10.479605,0.01990841,0.648224,0.6253831,3.0755851,0,12
6.5,1,21.52205,9.039167,2.029793,0.26591352,1.0676554,-3.0676174,10,5
6.6000000000000005,1,-1.7130023,3.455959,0.1713482,4.2997537,2.0932877,-0.0052651884,3,10
6.6000000000000005,1,31.7615,-0.20907243,0.35074702,3.2327654,2.0,3.1248274,29,1
6.6000000000000005,1,17.349525,10.430079,0.02793187,0.85381365,0.7583456,3.0751576,0,12
6.6000000000000005,1,20.168722,9.024912,2.0483623,0.26591352,1.0676554,-3.0709271,10,5
6.7,1,-4.0635815,3.534036,0.18476976,4.2997537,2.0932877,-0.01333417,3,10
6.7,1,31.643509,-0.22392389,0.3042336,3.2327654,2.0,3.1245189,29,1
6.7,1,16.06854,10.451168,-0.03720773,0.4918538,0.62219125,3.0748467,0,12
6.7,1,18.822481,9.0166,2.0288172,0.26591352,1.0676554,-3.0713346,10,5
6.7,1,-5.847589,11.745957,-0.38523844,0.5171256,0.37131518,-3.0742817,12,1
6.800000000000001,1,31.53794,-0.24584569,0.28758314,3.2327654,2.0,3.124069,29,1
6.800000000000001,1,14.85423,10.374073,0.004107887,0.43739596,0.6197272,3.0743976,0,12
6.800000000000001,1,18.543768,-8.112116,0.34017378,0.6106811,0.4805943,-1.1656529,11,8
6.800000000000001,1,17.473885,9.004815,2.034469,0.26591352,1.0676554,-3.067361,10,5
6.9,1,30.256422,2.9270759,0.10576649,4.3471622,2.0138967,0.013254415,3,11
6.9,1,31.459877,-0.27152872,0.29211092,3.2327654,2.0,3.1234267,29,1
6.9,1,13.755132,10.409558,-0.033064444,0.79131866,0.6467052,3.073756,0,12
6.9,1,16.562382,-8.114973,0.31534943,0.56579727,0.5661796,-0.8570056,11,7
6.9,1,17.190825,-8.115137,0.34644485,0.6106811,0.4805943,-1.1662785,11,8
6.9,1,16.127432,8.996411,2.0474281,0.26591352,1.0676554,-3.0573018,10,5
7.0,1,27.472277,2.876765,0.18593484,4.3471622,2.0138967,0.01242782,3,11
7.0,1,31.415293,-0.30422598,0.3241732,3.2327654,2.0,3.1226013,29,1
7.0,1,12.579181,10.336276,0.026526997,0.8246842,0.5556065,3.072933,0,12
7.0,1,15.170003,-8.126965,0.2973774,0.56579727,0.5661796,-0.8275886,11,7
7.0,1,15.832667,-8.119859,0.32813612,0.6106811,0.4805943,-1.1670532,11,8
7.0,1,14.778512,8.988843,2.0686688,0.26591352,1.0676554,-3.0412147,10,5
7.1000000000000005,1,24.474367,2.809812,0.26532713,4.3471622,2.0138967,0.011587604,3,11
7.1000000000000005,1,31.419178,-0.3352162,0.3535247,3.2327654,2.0,3.1217635,29,1
7.1000000000000005,1,11.258906,10.38418,0.05332849,0.71428674,0.5000403,3.072099,0,12
7.1000000000000005,1,13.747784,-8.0989065,0.26356336,0.56579727,0.5661796,-0.8394329,11,7
7.1000000000000005,1,14.477361,-8.122303,0.29416585,0.6106811,0.4805943,-1.1678557,11,8
7.1000000000000005,1,13.4358015,8.984282,2.0884168,0.26591352,1.0676554,-3.0262692,10,5
7.2,1,21.887972,2.8280191,0.24593225,4.3471622,2.0138967,0.010911316,3,11
7.2,1,31.477276,-0.36199307,0.3084631,3.2327654,2.0,3.1210866,29,1
7.2,1,10.119374,10.372214,-0.0041599874,0.7613002,0.5104932,3.0714211,0,12
7.2,1,12.358189,-8.082996,0.22085169,0.56579727,0.5661796,-0.8664173,11,7
7.2,1,13.123559,-8.125873,0.24564223,0.6106811,0.4805943,-1.1686232,11,8
7.2,1,12.10115,8.978812,2.0684724,0.26591352,1.0676554,-3.0214276,10,5
7.300000000000001,1,18.72178,2.8793821,0.21777259,4.3471622,2.0138967,0.010162549,3,11
7.300000000000001,1,31.602911,-0.38765964,0.23816133,3.2327654,2.0,3.120335,29,1
7.300000000000001,1,8.916693,10.35535,-0.017013589,0.52788854,0.56428504,3.0706646,0,12
7.300000000000001,1,11.00521,-8.082929,0.20036449,0.56579727,0.5661796,-0.90151995,11,7
7.300000000000001,1,11.773349,-8.129194,0.21391194,0.6106811,0.4805943,-1.1695013,11,8
7.300000000000001,1,10.781779,8.969952,2.0330894,0.26591352,1.0676554,-3.0360775,10,5
7.4,1,13.154891,2.8921688,0.2683591,4.3471622,2.0138967,0.008628705,3,11
7.4,1,30.450745,-0.43027955,0.24112386,3.2327654,2.0,3.1187959,29,1
7.4,1,6.634227,10.310625,-0.017356342,0.8282367,0.5230635,3.0691173,0,12
7.4,1,8.323086,-8.094727,0.24823613,0.56579727,0.5661796,-0.94282085,11,7
7.4,1,9.074542,-8.134493,0.24735802,0.6106811,0.4805943,-1.1710122,11,8
7.4,1,9.564041,-8.100623,0.23585889,0.53611076,0.4893918,-1.2003447,11,9
7.4,1,8.133212,8.955642,2.006993,0.26591352,1.0676554,-3.0756447,10,5
7.5,1,10.227765,2.9144135,0.27629656,4.3471622,2.0138967,0.007895628,3,11
7.5,1,30.679834,-0.45068324,0.24332868,3.2327654,2.0,3.1180618,29,1
7.5,1,5.307913,10.272257,-0.018653823,0.73496187,0.5737523,3.0683818,0,12
7.5,1,6.997362,-8.101375,0.2765013,0.56579727,0.5661796,-0.9863122,11,7
7.5,1,7.7264347,-8.129473,0.25638828,0.6106811,0.4805943,-1.171734,11,8
7.5,1,6.825768,8.942916,1.9984783,0.26591352,1.0676554,-3.125481,10,5
7.6000000000000005,1,7.4787803,2.935053,0.26737124,4.3471622,2.0138967,0.00743381,3,11
7.6000000000000005,1,30.913624,-0.45923078,0.2147269,3.2327654,2.0,3.1175976,29,1
7.6000000000000005,1,4.1155195,10.286322,-0.045790993,0.6760525,0.5218057,3.0679138,0,12
7.6000000000000005,1,5.6719275,-8.097857,0.29078266,0.56579727,0.5661796,-1.0301027,11,7
7.6000000000000005,1,6.3866134,-8.115451,0.25000286,0.6106811,0.4805943,-1.1722305,11,8
7.6000000000000005,1,5.515385,8.943161,1.9790077,0.26591352,1.0676554,3.114627,10,5
7.7,1,4.64238,2.9178102,0.2819085,4.3471622,2.0138967,0.007001617,3,11
7.7,1,31.108295,-0.46787956,0.22665358,3.2327654,2.0,3.1171668,29,1
7.7,1,2.9057887,10.2599325,-0.039762747,0.51549304,0.4813925,3.0674853,0,12
7.7,1,4.3278017,-8.0842905,0.29366186,0.56579727,0.5661796,-1.071792,11,7
7.7,1,5.0466685,-8.097802,0.24727783,0.6106811,0.4805943,-1.1726427,11,8
7.7,1,5.5388603,-8.151941,0.24350019,0.53611076,0.4893918,-1.2019852,11,9
7.7,1,4.1865735,8.954663,1.9860499,0.26591352,1.0676554,3.0916405,10,5
7.800000000000001,1,1.9372168,2.8538735,0.28920126,4.3471622,2.0138967,0.0066717477,3,11
7.800000000000001,1,31.233555,-0.4713389,0.24116065,3.2327654,2.0,3.1168392,29,1
7.800000000000001,1,2.9768946,-8.0630665,0.2833644,0.56579727,0.5661796,-1.1086403,11,7
7.800000000000001,1,3.7138116,-8.077126,0.24535438,0.6106811,0.4805943,-1.1729418,11,8
7.800000000000001,1,2.8483002,8.975945,1.9963884,0.26591352,1.0676554,3.0864248,10,5
7.9,1,-0.6614972,2.8236375,0.28809974,4.3471622,2.0138967,0.0067419475,3,11
7.9,1,31.261547,-0.4592576,0.1982776,3.2327654,2.0,3.11691,29,1
7.9,1,1.6275098,-8.039852,0.26028693,0.56579727,0.5661796,-1.1376873,11,7
7.9,1,2.3877943,-8.055349,0.23803401,0.6106811,0.4805943,-1.172933,11,8
8.0,1,-3.2201242,2.8904626,0.2925242,4.3471622,2.0138967,0.006787412,3,11
8.0,1,31.214024,-0.44578573,0.1499518,3.2327654,2.0,3.1169562,29,1
8.0,1,-0.6723343,10.27436,0.014989661,0.9724312,0.456371,3.06728,0,12
8.0,1,0.28790444,-8.021691,0.24059737,0.56579727,0.5661796,-1.1565006,11,7
8.0,1,1.0684636,-8.036286,0.23730274,0.6106811,0.4805943,-1.172948,11,8
8.0,1,0.15945977,9.0191345,2.0114653,0.26591352,1.0676554,3.104208,10,5
8.1,1,31.113146,-0.4389523,0.15248318,3.2327654,2.0,3.1169238,29,1
8.1,1,-1.9440238,10.352009,-0.0068529993,0.65609056,0.47222903,3.0672495,0,12
8.1,1,-1.0413096,-8.019385,0.24573052,0.56579727,0.5661796,-1.1622697,11,7
8.1,1,-0.252082,-8.0271845,0.2604556,0.6106811,0.4805943,-1.1729438,11,8
8.1,1,-1.1873038,9.02198,2.0276103,0.26591352,1.0676554,3.1139536,10,5
8.200000000000001,1,30.995577,-0.4420172,0.169357,3.2327654,2.0,3.1167428,29,1
8.200000000000001,1,-2.3456056,-8.035724,0.25757632,0.56579727,0.5661796,-1.1523666,11,7
8.200000000000001,1,-1.5678426,-8.027362,0.28339338,0.6106811,0.4805943,-1.1730622,11,8
8.200000000000001,1,-2.5239391,9.00602,2.0499089,0.26591352,1.0676554,3.1172771,10,5
8.3,1,30.87853,-0.46029302,0.16911383,3.2327654,2.0,3.116478,29,1
8.3,1,-3.626175,-8.07992,0.28964075,0.56579727,0.5661796,-1.1255223,11,7
8.3,1,-2.8854306,-8.043699,0.3149433,0.6106811,0.4805943,-1.1733124,11,8
8.3,1,-2.3488667,-8.031337,0.24107216,0.53611076,0.4893918,-1.2026619,11,9
8.3,1,-3.8564746,8.978278,2.0792017,0.26591352,1.0676554,3.1159172,10,5
8.4,1,30.771679,-0.47281927,0.16274068,3.2327654,2.0,3.116447,29,1
8.4,1,-4.880374,-8.139843,0.35315502,0.56579727,0.5661796,-1.0860693,11,7
8.4,1,-4.1956835,-8.066721,0.36921677,0.6106811,0.4805943,-1.1733259,11,8
8.4,1,-3.6342163,-8.101652,0.31210783,0.53611076,0.4893918,-1.2026744,11,9
8.4,1,-5.1853924,8.964345,2.0826068,0.26591352,1.0676554,3.1134772,10,5
8.5,1,30.667358,-0.4966634,0.19985645,3.2327654,2.0,3.116329,29,1
8.5,1,32.393204,8.668629,-0.074227385,0.40141815,0.6037717,3.1374304,0,13
8.5,1,-6.1273727,-8.211179,0.41322574,0.56579727,0.5661796,-1.0404493,11,7
8.5,1,-5.508239,-8.096868,0.41663054,0.6106811,0.4805943,-1.1733636,11,8
8.5,1,-4.905462,-8.268344,0.4180874,0.53611076,0.4893918,-1.2027133,11,9
8.5,1,-6.5170646,8.965726,2.0797963,0.26591352,1.0676554,3.1122649,10,5
8.6,1,30.570417,-0.5232566,0.2099832,3.2327654,2.0,3.1160972,29,1
8.6,1,31.340223,8.660918,0.024416268,0.35386777,0.7287188,3.1372,0,13
8.6,1,-6.162535,-8.486655,0.555163,0.53611076,0.4893918,-1.2029077,11,9
8.6,1,-7.84167,8.987177,2.057312,0.26591352,1.0676554,3.1122522,10,5
8.700000000000001,1,30.460938,-0.55642027,0.19024922,3.2327654,2.0,3.1157281,29,1
8.700000000000001,1,30.115948,8.639982,-0.05648031,0.450552,0.68910724,3.1368327,0,13
8.700000000000001,1,26.915524,-8.804617,0.40869892,0.6441365,0.5889206,-2.3326252,0,19
8.8,1,30.368483,-0.5844644,0.16553164,3.2327654,2.0,3.1153672,29,1
8.8,1,28.916634,8.664895,-0.112042874,0.64761424,0.6395574,3.1364741,0,13
8.9,1,30.274113,-0.60633945,0.14989647,3.2327654,2.0,3.1151268,29,1
8.9,1,27.611343,8.65037,-0.033638358,0.5193189,0.65138054,3.1362357,0,13
8.9,1,24.442535,-8.608849,0.42833763,0.48192573,0.52007645,-2.361716,0,19
9.0,1,30.181059,-0.61720914,0.179476,3.2327654,2.0,3.114966,29,1
9.0,1,26.500378,8.652613,-0.08592826,0.37083715,0.6426554,3.1360762,0,13
9.0,1,10.121103,-13.867214,0.83199334,0.48847777,0.6544425,1.7681786,0,17
9.0,1,23.229656,-8.495674,0.4678583,0.6064426,0.506011,-2.3736022,0,19
9.1,1,30.084066,-0.6131639,0.22828545,3.2327654,2.0,3.11496,29,1
9.1,1,25.4428,8.581194,0.057780113,0.35669014,0.5631526,3.1360712,0,13
9.1,1,27.661749,12.073812,0.059785392,0.35122207,0.57378525,0.0031240808,0,14
9.1,1,8.822104,-13.917554,0.86644065,0.51192784,0.6781551,1.7530934,0,17
9.1,1,22.040155,-8.446943,0.50879,0.80675626,0.52211595,-2.3838737,0,19
9.1,1,28.58458,35.874443,0.129334,6.716049,2.5423927,-1.633314,6,1
9.200000000000001,1,29.986706,-0.5939532,0.24346048,3.2327654,2.0,3.1149035,29,1
9.200000000000001,1,24.201338,8.581719,0.029497037,0.35855716,0.5875921,3.1360168,0,13
9.200000000000001,1,7.481223,-13.949992,0.8753112,0.48545033,0.6765047,1.7373394,0,17
9.200000000000001,1,20.705507,-8.446262,0.5231141,0.715029,0.50941503,-2.3928702,0,19
9.200000000000001,1,27.2792,35.84667,0.12445171,6.716049,2.5423927,-1.6333175,6,1
9.3,1,29.883759,-0.5760913,0.23572211,3.2327654,2.0,3.1146147,29,1
9.3,1,23.035755,8.535712,0.053332202,0.52822727,0.60890615,3.1357315,0,13
9.3,1,19.516628,-8.328632,0.47072273,0.6457406,0.6098927,-2.4009242,0,19
9.3,1,14.758893,12.992603,1.5853586,0.2330336,0.64922935,-1.6081363,8,1
9.4,1,29.77923,-0.54697806,0.20503362,3.2327654,2.0,3.1143508,29,1
9.4,1,21.845743,8.5939665,0.017845795,0.56665146,0.60463977,3.135471,0,13
9.4,1,23.468851,12.116697,-0.09144567,0.865375,0.5607034,-0.001065576,0,14
9.4,1,4.864131,-14.047838,0.87841505,0.59945816,0.6621437,1.7043277,0,17
9.4,1,18.893957,-8.628129,0.48747528,0.5386695,0.79244524,-2.487275,0,18
9.4,1,18.36645,-8.185989,0.43459615,0.5091939,0.63915503,-2.4079423,0,19
9.4,1,13.471443,12.992227,1.5558016,0.2330336,0.64922935,-1.6084259,8,1
9.5,1,29.668142,-0.5135417,0.18864904,3.2327654,2.0,3.114215,29,1
9.5,1,20.685768,8.579001,-0.017500382,0.3925623,0.65119725,3.1353388,0,13
9.5,1,21.939608,12.154392,-0.0130731845,0.6756618,0.5845839,-0.0018871515,0,14
9.5,1,17.152699,-8.041898,0.3929097,0.54912364,0.6485373,-2.4139543,0,19
9.5,1,12.187833,12.987966,1.5341436,0.2330336,0.64922935,-1.6085708,8,1
9.600000000000001,1,29.553858,-0.47682345,0.20733802,3.2327654,2.0,3.1140823,29,1
9.600000000000001,1,19.67336,8.572863,-0.038132884,0.3579202,0.6777925,3.135208,0,13
9.600000000000001,1,20.594994,12.148172,-0.13361797,0.841061,0.63485277,-0.0023326816,0,14
9.600000000000001,1,16.660732,-8.520465,0.44451922,0.7568266,0.819894,-2.4523103,0,18
9.600000000000001,1,16.007854,-7.918558,0.39084667,0.70824254,0.6293113,-2.4192595,0,19
9.600000000000001,1,10.914357,12.983357,1.5361358,0.2330336,0.64922935,-1.6086879,8,1
9.700000000000001,1,29.430922,-0.4383177,0.2445771,3.2327654,2.0,3.1141484,29,1
9.700000000000001,1,18.480562,8.562718,-0.027937401,0.5423587,0.7125086,3.1352754,0,13
9.700000000000001,1,19.008835,12.171124,-0.12343228,0.65254414,0.6004441,-0.0022800455,0,14
9.700000000000001,1,14.793747,-7.8584394,0.48005795,0.9590392,0.6819117,-2.4237738,0,19
9.700000000000001,1,9.64517,12.976912,1.5408827,0.2330336,0.64922935,-1.6085839,8,1
9.700000000000001,1,20.908932,35.873817,0.03294789,6.716049,2.5423927,-1.6340317,6,1
9.8,1,55.248493,-17.581213,0.8730935,4.6102786,1.7903478,-1.5802442,3,12
9.8,1,29.300913,-0.40808386,0.27357396,3.2327654,2.0,3.1140862,29,1
9.8,1,17.40628,8.591636,-0.033959564,0.7747431,0.6693312,3.1352158,0,13
9.8,1,17.582846,12.173707,-0.058534693,1.0311036,0.5886735,-0.0021294523,0,14
9.8,1,22.368217,11.942055,0.05424444,0.5528714,0.5276367,-0.75257224,0,15
9.8,1,13.624912,-7.831424,0.39433149,0.88827,0.5540478,-2.4279635,0,19
9.8,1,8.389008,12.968049,1.5331265,0.2330336,0.64922935,-1.6086221,8,1
9.8,1,19.66458,35.907623,0.025630862,6.716049,2.5423927,-1.6340694,6,1
9.9,1,54.0022,-17.573853,0.8312173,4.6102786,1.7903478,-1.5804214,3,12
9.9,1,29.163683,-0.3849304,0.26975948,3.2327654,2.0,3.1139648,29,1
9.9,1,16.280865,8.6122875,-0.06037525,0.7484604,0.7215236,3.1350975,0,13
9.9,1,16.245167,12.184125,-0.13714789,0.8923504,0.5717488,-0.0018873595,0,14
9.9,1,21.04436,12.023692,0.028016714,0.6921379,0.5239643,-0.7917638,0,15
9.9,1,12.44149,-7.79693,0.4334311,0.7604284,0.5479934,-2.4319441,0,19
9.9,1,18.431822,35.943474,0.0037714245,6.716049,2.5423927,-1.6342447,6,1
10.0,1,29.037926,-0.3556515,0.27253026,3.2327654,2.0,3.1138973,29,1
10.0,1,15.082843,8.616508,-0.084572546,0.5556211,0.6574207,3.1350336,0,13
10.0,1,14.701603,12.205395,-0.19424407,0.71977675,0.54178876,-0.0015159855,0,14
10.0,1,19.759542,12.103022,-0.019803377,0.80769354,0.4697585,-0.83092445,0,15
10.0,1,11.426079,-7.689911,0.38280365,0.71985936,0.6302368,-2.4357004,0,19
10.0,1,-1.9254856,8.701672,1.6336665,0.26591352,0.5029926,1.939158,10,4
10.0,1,17.20798,35.984726,-0.030424086,6.716049,2.5423927,-1.6343336,6,1
10.0,1,4.237363,75.14603,-0.512632,6.464479,2.0,-3.137205,5,1
