Timestamp,Class,X,Y,Length,Width,Rotation,ID
0.0,3,3.5159423,-2.769792,4.117559,1.9999627,3.1197026001,3_0
0.0,3,-0.7552939,2.8905866,4.2256575,1.9099957,-0.0023822707,3_1
0.0,29,21.02933,-0.32314688,3.2327654,2.0,3.1192048001,29_0
0.1,3.0,3.49101,-2.7753747,4.117559,1.9999627,3.1199462,3_0
0.1,3.0,-2.3621802,2.8664253,4.2256575,1.9099957,-0.0021373418,3_1
0.1,29.0,21.370955,-0.36512116,3.2327654,2.0,3.1194415,29_0
0.1,0.0,16.93733,8.834395,0.61711156,0.571261,-3.0840994999,0_0
0.1,0.0,17.053251,9.605205,0.474522,0.5021725,-3.0863317999,0_1
0.1,0.0,22.05778,10.663917,0.58418125,0.49813145,0.017833450100000002,0_2
0.2,3.0,3.4576013,-2.7819998,4.117559,1.9999627,3.1202097,3_0
0.2,3.0,-3.9971895,2.9807842,4.2256575,1.9099957,-0.0018707738,3_1
0.2,29.0,21.703398,-0.40466893,3.2327654,2.0,3.1196983,29_0
0.2,0.0,16.09566,8.842207,0.39874893,0.56050795,-3.0838356,0_0
0.2,0.0,16.338,9.625098,0.5568665,0.45735493,-3.0881329,0_1
0.2,0.0,21.159607,10.709031,0.51778513,0.5270923,0.0056373174,0_2
0.3,3.0,3.4162805,-2.7896621,4.117559,1.9999627,3.1199884,3_0
0.3,3.0,29.180368,2.9929957,4.26859,2.1693852,0.0048894744,3_2
0.3,29.0,22.027952,-0.4513206,3.2327654,2.0,3.119471,29_0
0.3,0.0,15.367574,8.820423,0.36814916,0.5545706,-3.084058,0_0
0.3,0.0,15.560693,9.611389,0.62608,0.46381903,-3.090085,0_1
0.3,0.0,20.225807,10.678051,0.5355229,0.44385138,-0.004417657,0_2
0.4,3.0,3.3685262,-2.7997556,4.117559,1.9999627,3.119335,3_0
0.4,3.0,27.304277,2.9757292,4.26859,2.1693852,0.0042438763,3_2
0.4,29.0,22.344965,-0.5028732,3.2327654,2.0,3.1188128,29_0
0.4,0.0,14.713508,8.811433,0.5292249,0.591312,-3.0847013,0_0
0.4,0.0,14.708937,9.590742,0.44477868,0.40797612,-3.0919569,0_1
0.4,0.0,19.19318,10.619054,0.34400696,0.47176942,-0.010964203,0_2
0.5,3.0,3.3122807,-2.8123803,4.117559,1.9999627,3.118045,3_0
0.5,3.0,25.41836,2.9401255,4.26859,2.1693852,0.0029589268,3_2
0.5,29.0,22.652748,-0.5639095,3.2327654,2.0,3.1175199,29_0
0.5,0.0,13.912432,8.822957,0.45894513,0.52326113,-3.085988,0_0
0.5,0.0,13.896774,9.546935,0.44465762,0.48334774,-3.0938015,0_1
0.5,0.0,18.265528,10.567693,0.5204687,0.46077043,-0.012897146,0_2
0.5,10.0,18.670431,8.698704,0.24368034,0.60725135,2.8874826001,10_0
0.6000000000000001,3.0,3.2505975,-2.8249388,4.117559,1.9999627,3.1171598,3_0
0.6000000000000001,3.0,23.518513,2.9143438,4.26859,2.1693852,0.0020744675,3_2
0.6000000000000001,29.0,22.951723,-0.611574,3.2327654,2.0,3.1166332,29_0
0.6000000000000001,0.0,13.16604,8.766037,0.57418644,0.60783285,-3.0774684,0_0
0.6000000000000001,0.0,13.123992,9.565599,0.54812676,0.4523033,-3.0944138,0_1
0.6000000000000001,0.0,17.3002,10.586711,0.6633112,0.45506024,-0.007862891,0_2
0.7000000000000001,3.0,3.1844032,-2.8343916,4.117559,1.9999627,3.1166337,3_0
0.7000000000000001,3.0,21.60433,2.901711,4.26859,2.1693852,0.0015469721,3_2
0.7000000000000001,29.0,23.24424,-0.64317805,3.2327654,2.0,3.116107,29_0
0.7000000000000001,0.0,12.363116,8.791376,0.5879215,0.59176606,-3.0780048,0_0
0.7000000000000001,0.0,12.401423,9.565624,0.3874079,0.46937552,-3.093665,0_1
0.7000000000000001,0.0,16.408487,10.63932,0.6527018,0.5270684,0.0054032826,0_2
0.8,3.0,3.1161172,-2.8437488,4.117559,1.9999627,3.1163423,3_0
0.8,3.0,19.677988,2.8964705,4.26859,2.1693852,0.0012502329,3_2
0.8,3.0,30.50393,18.336575,4.2085047,2.1401405,0.4831499801,3_3
0.8,29.0,23.534586,-0.6661042,3.2327654,2.0,3.1158166,29_0
0.8,0.0,11.509704,8.857932,0.602344,0.5075067,-3.0783165,0_0
0.8,0.0,11.583278,9.526299,0.35714766,0.45067126,-3.0915182,0_1
0.8,0.0,15.483213,10.58163,0.63523585,0.47234777,0.028079867,0_2
0.9,3.0,3.0478358,-2.8506107,4.117559,1.9999627,3.1163871,3_0
0.9,3.0,17.73927,2.9050581,4.26859,2.1693852,0.0012914242,3_2
0.9,3.0,29.626522,18.337757,4.2085047,2.1401405,0.48312214,3_3
0.9,29.0,23.825907,-0.67516667,3.2327654,2.0,3.1158626,29_0
0.9,0.0,10.70814,8.848233,0.43860415,0.58498925,-3.0782812,0_0
0.9,0.0,10.885282,9.534918,0.6585595,0.45106816,-3.0876884,0_1
0.9,0.0,14.404417,10.611036,0.5224332,0.5092995,0.059363503,0_2
0.9,10.0,15.206843,8.627619,0.24368034,0.60725135,2.9165912,10_0
1.0,3.0,2.9767427,-2.8594458,4.117559,1.9999627,3.1162007,3_0
1.0,3.0,15.787371,2.9168382,4.26859,2.1693852,0.0011045395,3_2
1.0,3.0,28.744444,18.334616,4.2085047,2.1401405,0.48292902,3_3
1.0,29.0,24.118505,-0.6863672,3.2327654,2.0,3.1156778,29_0
1.0,0.0,10.027892,8.835053,0.47466484,0.5953986,-3.08787,0_0
1.0,0.0,10.047199,9.4965315,0.6471259,0.5328338,-3.082806,0_1
1.0,0.0,13.32538,10.616267,0.38028094,0.5286996,0.08891264,0_2
1.0,0.0,30.49692,8.6940975,0.44343767,0.62559605,-3.1341957999,0_3
1.0,10.0,14.302465,8.606576,0.24368034,0.60725135,3.114954,10_0
1.1,3.0,2.9041877,-2.8689222,4.117559,1.9999627,3.1159372,3_0
1.1,3.0,13.821924,2.9379466,4.26859,2.1693852,0.00084025296,3_2
1.1,29.0,24.415298,-0.69676906,3.2327654,2.0,3.1154153,29_0
1.1,0.0,9.145467,8.870455,0.4777469,0.5371025,-3.0881238,0_0
1.1,0.0,9.17268,9.478302,0.7143523,0.6105822,-3.0777338,0_1
1.1,0.0,12.393055,10.610585,0.54167604,0.53107435,0.0886626,0_2
1.1,10.0,13.388658,8.583767,0.24368034,0.60725135,-2.9866662,10_0
1.2000000000000002,3.0,2.8308752,-2.8816917,4.117559,1.9999627,3.115493,3_0
1.2000000000000002,3.0,11.840404,2.966466,4.26859,2.1693852,0.00039261975,3_2
1.2000000000000002,3.0,26.958687,18.326113,4.2085047,2.1401405,0.4822911,3_3
1.2000000000000002,29.0,24.718618,-0.7117314,3.2327654,2.0,3.1149719,29_0
1.2000000000000002,0.0,8.376347,8.842299,0.6206845,0.578235,-3.0885603,0_0
1.2000000000000002,0.0,8.282073,9.509571,0.5624855,0.52926266,-3.073827,0_1
1.2000000000000002,0.0,11.378822,10.522444,1.0162088,0.6793667,0.027239945,0_2
1.2000000000000002,10.0,12.46506,8.561042,0.24368034,0.60725135,-2.8151512,10_0
1.3,3.0,2.7597835,-2.897808,4.117559,1.9999627,3.1150408,3_0
1.3,3.0,9.829309,3.0004513,4.26859,2.1693852,-6.5751214e-05,3_2
1.3,3.0,26.055271,18.32043,4.2085047,2.1401405,0.48187274,3_3
1.3,29.0,25.029146,-0.7279372,3.2327654,2.0,3.11452,29_0
1.3,0.0,7.4567933,8.840872,0.5690451,0.5865582,-3.0890114,0_0
1.3,0.0,7.391688,9.478737,0.45454922,0.4734568,-3.0721636,0_1
1.3,0.0,10.359722,10.604659,0.77021444,0.531137,0.042786125,0_2
1.3,10.0,11.534242,8.541766,0.24368034,0.60725135,-2.6712441,10_0
1.3,10.0,24.62701,-10.504509,0.3623979,0.8971636,-0.09296747990000001,10_1
1.4,3.0,2.6911073,-2.9181182,4.117559,1.9999627,3.1145916,3_0
1.4,3.0,7.785142,3.0261886,4.26859,2.1693852,-0.0005198577,3_2
1.4,3.0,25.143267,18.315905,4.2085047,2.1401405,0.48147726,3_3
1.4,29.0,25.343988,-0.7448889,3.2327654,2.0,3.114071,29_0
1.4,0.0,6.527859,8.810236,0.6395043,0.621969,-3.091723,0_0
1.4,0.0,6.6181455,9.497017,0.3674092,0.45194888,-3.0739682,0_1
1.4,0.0,9.357452,10.578367,0.6594576,0.5645884,0.087336056,0_2
1.4,10.0,10.599702,8.532112,0.24368034,0.60725135,-2.5726128,10_0
1.4,10.0,23.695044,-10.5119,0.3623979,0.8971636,-0.09341835,10_1
1.5,3.0,2.6257677,-2.9430532,4.117559,1.9999627,3.113986,3_0
1.5,3.0,5.768054,2.9965272,4.26859,2.1693852,-0.0011300377,3_2
1.5,29.0,25.661852,-0.76903325,3.2327654,2.0,3.1134653,29_0
1.5,0.0,5.677392,8.789591,0.44501224,0.54555726,-3.0900643,0_0
1.5,0.0,5.790595,9.462319,0.48727497,0.45487168,-3.0806537,0_1
1.5,0.0,8.200263,10.567858,0.4556118,0.5091258,0.086728886,0_2
1.5,11.0,33.38264,-6.490199,0.6782691,0.695573,-3.0853588999,11_0
1.5,10.0,9.667796,8.527465,0.24368034,0.60725135,-2.5372686,10_0
1.5,10.0,22.75436,-10.524673,0.3623979,0.8971636,-0.0940223,10_1
1.6,3.0,2.5630531,-2.9693792,4.117559,1.9999627,3.1136553,3_0
1.6,3.0,3.812576,2.9118478,4.26859,2.1693852,-0.0014602122,3_2
1.6,29.0,25.978228,-0.7867582,3.2327654,2.0,3.1131344,29_0
1.6,0.0,4.8502407,8.83507,0.3545504,0.6195633,-3.090389,0_0
1.6,0.0,4.9295635,9.508872,0.4507985,0.5450725,-3.090389,0_1
1.6,0.0,30.694302,9.647606,0.7389365,0.66599655,0.12735417,0_3
1.6,0.0,25.671806,8.655258,0.41948178,0.6231102,-3.1319899999,0_4
1.6,10.0,8.734056,8.543078,0.24368034,0.60725135,-2.5824983,10_0
1.6,10.0,21.80784,-10.529711,0.3623979,0.8971636,-0.09435807,10_1
1.7000000000000002,3.0,2.502551,-2.9970505,4.117559,1.9999627,3.113356,3_0
1.7000000000000002,3.0,1.8467822,2.8977757,4.26859,2.1693852,-0.0017550628,3_2
1.7000000000000002,29.0,26.290796,-0.80530465,3.2327654,2.0,3.1128347,29_0
1.7000000000000002,0.0,24.78103,8.637791,0.5188177,0.5924919,-3.1323342,0_4
1.7000000000000002,0.0,29.448156,9.623015,0.45411056,0.6617364,0.12706728,0_3
1.7000000000000002,10.0,7.7972054,8.573416,0.24368034,0.60725135,-2.715039,10_0
1.7000000000000002,10.0,20.852093,-10.534235,0.3623979,0.8971636,-0.09466267,10_1
1.8,3.0,2.4450777,-3.0223577,4.117559,1.9999627,3.1134622,3_0
1.8,3.0,-0.08708883,2.894969,4.26859,2.1693852,-0.0016418931,3_2
1.8,3.0,21.395117,18.305717,4.2085047,2.1401405,0.4804206,3_3
1.8,29.0,26.596806,-0.8137699,3.2327654,2.0,3.1129405,29_0
1.8,0.0,23.843565,8.677929,0.70305365,0.52319413,-3.1323435,0_4
1.8,0.0,28.374987,9.662391,0.458349,0.66447216,0.12718125,0_3
1.8,11.0,30.489134,-6.4864416,0.6782691,0.695573,-3.0858643,11_0
1.8,10.0,6.8500333,8.606015,0.24368034,0.60725135,-2.8956974,10_0
1.8,10.0,19.890081,-10.530188,0.3623979,0.8971636,-0.09456181,10_1
1.9,3.0,2.3905127,-3.046614,4.117559,1.9999627,3.1134539,3_0
1.9,3.0,-1.8537004,2.88392,4.26859,2.1693852,-0.0016386074,3_2
1.9,3.0,20.42316,18.310678,4.2085047,2.1401405,0.4804805,3_3
1.9,29.0,26.894789,-0.82440436,3.2327654,2.0,3.1129317,29_0
1.9,0.0,2.2725513,8.881552,0.70679444,0.495288,-3.0905664,0_0
1.9,0.0,2.1943994,9.644757,0.6746798,0.5484097,-3.0905664,0_1
1.9,0.0,4.006625,10.602805,0.692703,0.49181426,0.025222745,0_2
1.9,0.0,23.079155,8.611302,0.6563593,0.54664093,-3.1322374,0_4
1.9,0.0,27.153906,9.625456,0.3553928,0.48730132,0.1271975,0_3
1.9,11.0,29.529455,-6.4794927,0.6782691,0.695573,-3.0858593,11_0
1.9,10.0,5.8842053,8.626893,0.24368034,0.60725135,-3.0748043,10_0
2.0,3.0,2.3381112,-3.0681632,4.117559,1.9999627,3.1133618,3_0
2.0,3.0,-3.6304026,2.8741238,4.26859,2.1693852,-0.0017226473,3_2
2.0,3.0,19.440834,18.313381,4.2085047,2.1401405,0.48041683,3_3
2.0,29.0,27.182724,-0.8378772,3.2327654,2.0,3.112839,29_0
2.0,0.0,1.3334594,8.94166,0.764284,0.5555643,-3.0906558,0_0
2.0,0.0,1.2311422,9.647557,0.5830277,0.5478707,-3.0893624,0_1
2.0,0.0,2.9111283,10.57235,0.6299407,0.42026433,-0.00346421,0_2
2.0,0.0,22.19656,8.61856,0.44873783,0.5602386,-3.1323283,0_4
2.0,0.0,26.042812,9.572985,0.7193112,0.4960971,0.12711123,0_3
2.0,11.0,28.570433,-6.476287,0.6782691,0.695573,-3.0859487,11_0
2.0,11.0,18.173395,-9.834976,0.46325898,0.46991715,-3.0859486999,11_1
2.0,10.0,4.891191,8.612111,0.24368034,0.60725135,3.0810912,10_0
2.0,10.0,17.932983,-10.524251,0.3623979,0.8971636,-0.09467409,10_1
2.0,10.0,18.618965,-10.09978,0.3145323,1.0032,-0.019064161899999998,10_2
2.1,3.0,2.2877505,-3.0892115,4.117559,1.9999627,3.1133115,3_0
2.1,3.0,18.447514,18.31632,4.2085047,2.1401405,0.48038566,3_3
2.1,29.0,27.460957,-0.85132873,3.2327654,2.0,3.1127884,29_0
2.1,0.0,0.3754359,8.944097,0.58520615,0.5359617,-3.0907104,0_0
2.1,0.0,1.7177744,10.568517,0.45298752,0.41797388,-0.02507202,0_2
2.1,0.0,21.41563,8.640143,0.4034325,0.537167,-3.1341715,0_4
2.1,0.0,24.943012,9.616613,0.6823045,0.4898348,0.12705517,0_3
2.1,11.0,17.187151,-9.8299,0.46325898,0.46991715,-3.0860033,11_1
2.1,11.0,27.610817,-6.473822,0.6782691,0.695573,-3.0860033,11_0
2.1,10.0,3.8698583,8.562236,0.24368034,0.60725135,3.0379648,10_0
2.1,10.0,16.939764,-10.521491,0.3623979,0.8971636,-0.0947187,10_1
2.1,10.0,17.61964,-10.095087,0.3145323,1.0032,-0.019115008,10_2
2.2,3.0,2.2355573,-3.1104288,4.117559,1.9999627,3.1132648,3_0
2.2,3.0,17.444561,18.320381,4.2085047,2.1401405,0.48037785,3_3
2.2,29.0,27.726942,-0.86417794,3.2327654,2.0,3.1127412,29_0
2.2,0.0,-0.544484,8.981351,0.45629278,0.50761133,-3.0907574,0_0
2.2,0.0,0.6054412,10.651293,0.4869047,0.5657504,-0.032376047,0_2
2.2,0.0,20.603537,8.625168,0.5958741,0.6030905,-3.1354082,0_4
2.2,0.0,23.779314,9.666561,0.45868158,0.51074386,0.12701006,0_3
2.2,11.0,16.189526,-9.82366,0.46325898,0.46991715,-3.0860503,11_1
2.2,11.0,26.64515,-6.472054,0.6782691,0.695573,-3.0860503,11_0
2.2,10.0,15.938226,-10.517376,0.3623979,0.8971636,-0.09476329,10_1
2.3000000000000003,3.0,2.1787028,-3.133838,4.117559,1.9999627,3.1134036,3_0
2.3000000000000003,3.0,16.431543,18.326494,4.2085047,2.1401405,0.48053512,3_3
2.3000000000000003,29.0,27.982063,-0.87311697,3.2327654,2.0,3.1128795,29_0
2.3000000000000003,0.0,-1.4501625,8.928481,0.4017239,0.5876386,-3.0906148,0_0
2.3000000000000003,0.0,-1.2991589,9.46995,0.35193557,0.4504697,-3.0906148,0_1
2.3000000000000003,0.0,-0.5741709,10.692684,0.77888006,0.52599156,-0.017937263,0_2
2.3000000000000003,0.0,19.73887,8.693066,0.91880727,0.5437475,-3.1322875,0_4
2.3000000000000003,0.0,22.594715,9.606035,0.36486313,0.45551082,0.12715653,0_3
2.3000000000000003,11.0,15.182849,-9.812309,0.46325898,0.46991715,-3.0859072,11_1
2.3000000000000003,11.0,25.669895,-6.4686456,0.6782691,0.695573,-3.0859072,11_0
2.3000000000000003,10.0,1.9670473,8.51555,0.3060937,0.46446005,2.1157775,10_0
2.3000000000000003,10.0,14.931426,-10.511428,0.3623979,0.8971636,-0.09462836,10_1
2.4000000000000004,3.0,2.1111808,-3.1595855,4.117559,1.9999627,3.1139493,3_0
2.4000000000000004,3.0,15.400833,18.33942,4.2085047,2.1401405,0.48109984,3_3
2.4000000000000004,29.0,28.22515,-0.8699382,3.2327654,2.0,3.113425,29_0
2.4000000000000004,0.0,-2.3424325,8.932106,0.5321169,0.44135964,-3.0900586,0_0
2.4000000000000004,0.0,-2.284312,9.569982,0.6421165,0.59895754,-3.0900586,0_1
2.4000000000000004,0.0,-1.5985961,10.678546,0.7530648,0.5854475,0.025725938,0_2
2.4000000000000004,0.0,18.73568,8.675875,0.6882436,0.63469684,-3.1222458,0_4
2.4000000000000004,0.0,21.098774,10.306751,0.3710794,0.4790506,-0.018553076,0_3
2.4000000000000004,11.0,14.167372,-9.789379,0.46325898,0.46991715,-3.0853508,11_1
2.4000000000000004,11.0,24.678679,-6.4572635,0.6782691,0.695573,-3.0853508,11_0
2.4000000000000004,10.0,0.9472369,8.520438,0.3060937,0.46446005,2.1161268,10_0
2.4000000000000004,10.0,13.918569,-10.499418,0.3623979,0.8971636,-0.09409333,10_1
2.5,3.0,2.029364,-3.186743,4.117559,1.9999627,3.1150408,3_0
2.5,3.0,14.347786,18.36346,4.2085047,2.1401405,0.48224404,3_3
2.5,29.0,28.457417,-0.8466987,3.2327654,2.0,3.1145165,29_0
2.5,0.0,-3.2934587,8.967748,0.6862998,0.54822165,-3.089025,0_0
2.5,0.0,-3.3053546,9.522783,0.69440645,0.5265271,-3.0889,0_1
2.5,0.0,-2.6901698,10.584491,0.6701891,0.45485818,0.08786858,0_2
2.5,0.0,17.703716,8.68588,0.47228926,0.6710356,-3.1077127,0_4
2.5,0.0,19.980093,10.353308,0.72235566,0.47969902,-0.017654328,0_3
2.5,11.0,13.1451435,-9.749799,0.46325898,0.46991715,-3.0842416,11_1
2.5,11.0,23.668587,-6.4323845,0.6782691,0.695573,-3.0842416,11_0
2.5,10.0,-0.0885285,8.528648,0.3060937,0.46446005,2.1169822,10_0
2.6,3.0,1.9238945,-3.2218697,4.117559,1.9999627,3.1161094,3_0
2.6,3.0,13.280185,18.384384,4.2085047,2.1401405,0.4833191,3_3
2.6,3.0,43.174572,2.7987525,3.9085243,1.8694102,-0.0041894963000000006,3_4
2.6,29.0,28.676905,-0.8244384,3.2327654,2.0,3.1155849,29_0
2.6,0.0,-3.8810647,10.634621,0.5516724,0.3654905,0.10501245,0_2
2.6,0.0,16.916386,8.733221,0.35388952,0.5870961,-3.093071,0_4
2.6,0.0,18.760725,10.335143,0.9219556,0.4872869,-0.016888384,0_3
2.6,11.0,12.106919,-9.707894,0.46325898,0.46991715,-3.0831666,11_1
2.6,11.0,22.633528,-6.411459,0.6782691,0.695573,-3.0831666,11_0
2.6,10.0,-1.1426166,8.533098,0.3060937,0.46446005,2.1179183,10_0
2.7,3.0,1.7932773,-3.262005,4.117559,1.9999627,3.1171947,3_0
2.7,3.0,12.197633,18.406218,4.2085047,2.1401405,0.48440254,3_3
2.7,3.0,40.91573,2.8497047,3.9085243,1.8694102,-0.0031062833,3_4
2.7,29.0,28.88765,-0.79825866,3.2327654,2.0,3.1166704,29_0
2.7,0.0,-5.149351,10.646824,0.4001316,0.48732617,0.07846691,0_2
2.7,0.0,15.963669,8.765747,0.41913223,0.5661332,-3.082085,0_4
2.7,0.0,17.590748,10.390057,0.7346216,0.48095357,-0.015500115,0_3
2.7,11.0,11.056129,-9.663138,0.46325898,0.46991715,-3.082085,11_1
2.7,11.0,21.578594,-6.3878927,0.6782691,0.695573,-3.082085,11_0
2.7,10.0,-2.216863,8.538026,0.3060937,0.46446005,2.1190836,10_0
2.8000000000000003,3.0,1.6312727,-3.2982762,4.117559,1.9999627,3.1178954,3_0
2.8000000000000003,3.0,11.107139,18.42216,4.2085047,2.1401405,0.48509562,3_3
2.8000000000000003,3.0,38.6426,2.8802228,3.9085243,1.8694102,-0.002410301,3_4
2.8000000000000003,29.0,29.088633,-0.782013,3.2327654,2.0,3.1173713,29_0
2.8000000000000003,0.0,15.052564,8.762053,0.7310027,0.57687086,-3.077831,0_4
2.8000000000000003,0.0,16.323208,10.408812,0.643001,0.4906404,-0.013756818,0_3
2.8000000000000003,11.0,9.986677,-9.624167,0.46325898,0.46991715,-3.0813918,11_1
2.8000000000000003,11.0,20.500792,-6.3697968,0.6782691,0.695573,-3.0813918,11_0
2.8000000000000003,10.0,-3.306229,8.541945,0.3060937,0.46446005,2.1199446,10_0
2.9000000000000004,3.0,1.4401892,-3.3135154,4.117559,1.9999627,3.1187124,3_0
2.9000000000000004,3.0,10.004921,18.440342,4.2085047,2.1401405,0.4859069,3_3
2.9000000000000004,3.0,36.355,2.9133072,3.9085243,1.8694102,-0.0015981522,3_4
2.9000000000000004,29.0,29.285208,-0.7594189,3.2327654,2.0,3.1181889,29_0
2.9000000000000004,0.0,13.964896,8.846356,0.6926757,0.705161,-3.077993,0_4
2.9000000000000004,0.0,14.982016,10.43995,0.49356994,0.5049117,-0.013983424,0_3
2.9000000000000004,0.0,15.266604,9.784332,0.6890891,0.6169175,0.1325009001,0_5
2.9000000000000004,11.0,19.408335,-6.3427014,0.6782691,0.695573,-3.0805779,11_0
2.9000000000000004,10.0,-4.401475,8.67491,0.24368034,0.60725135,2.97184,10_0
2.9000000000000004,10.0,-4.4062476,8.545239,0.3060937,0.46446005,2.1208177001,10_3
3.0,3.0,1.2264132,-3.3061602,4.117559,1.9999627,3.1194165,3_0
3.0,3.0,8.892684,18.456778,4.2085047,2.1401405,0.48662823,3_3
3.0,3.0,34.052288,2.9391642,3.9085243,1.8694102,-0.00089876354,3_4
3.0,29.0,29.477015,-0.73832333,3.2327654,2.0,3.1188934,29_0
3.0,0.0,12.990248,8.758793,0.6995816,0.5974489,-3.07987,0_4
3.0,0.0,13.741238,10.475781,0.6160246,0.55315477,-0.017149283,0_3
3.0,0.0,13.960744,9.793035,0.88632005,0.620173,0.13321127,0_5
3.0,11.0,18.299067,-6.314344,0.6782691,0.695573,-3.07987,11_0
3.0,10.0,-5.5180826,8.547548,0.3060937,0.46446005,2.1215072,10_3
3.0,10.0,-5.503865,8.703384,0.24368034,0.60725135,2.9597626,10_0
3.1,3.0,1.0377921,-3.302814,4.117559,1.9999627,3.12031,3_0
3.1,3.0,7.7689924,18.47401,4.2085047,2.1401405,0.48747215,3_3
3.1,3.0,31.737812,2.9674523,3.9085243,1.8694102,-1.3464029e-05,3_4
3.1,29.0,29.667515,-0.7111805,3.2327654,2.0,3.1197875,29_0
3.1,0.0,12.0579605,8.799688,0.43494242,0.5764326,-3.0807507,0_4
3.1,0.0,12.531295,10.442794,0.7709201,0.45592776,-0.01238529,0_3
3.1,0.0,12.788693,9.822854,0.6701738,0.59698665,0.13409397,0_5
3.1,11.0,17.177078,-6.281689,0.6782691,0.695573,-3.0789816,11_0
3.1,10.0,-6.642864,8.545354,0.3060937,0.46446005,2.1223474,10_3
3.1,10.0,-6.618303,8.734828,0.24368034,0.60725135,2.9453897,10_0
3.2,3.0,0.87609607,-3.3087375,4.117559,1.9999627,3.1211402,3_0
3.2,3.0,6.632219,18.491753,4.2085047,2.1401405,0.48831114,3_3
3.2,3.0,29.41117,2.9922824,3.9085243,1.8694102,0.00080846995,3_4
3.2,29.0,29.85332,-0.68173146,3.2327654,2.0,3.1206174,29_0
3.2,0.0,11.020399,8.849519,0.40829638,0.6284403,-3.0804548,0_4
3.2,0.0,11.30437,10.507797,0.8271585,0.5011017,0.008025805,0_3
3.2,0.0,11.520008,9.822143,0.5092653,0.69109595,0.13492474,0_5
3.2,11.0,16.04002,-6.249825,0.6782691,0.695573,-3.0781515,11_0
3.3000000000000003,3.0,0.7350586,-3.318345,4.117559,1.9999627,3.1219008,3_0
3.3000000000000003,3.0,5.4866776,18.511076,4.2085047,2.1401405,0.48906675,3_3
3.3000000000000003,3.0,27.076193,3.0143743,3.9085243,1.8694102,0.0015590419,3_4
3.3000000000000003,29.0,30.035378,-0.6506072,3.2327654,2.0,3.1213782,29_0
3.3000000000000003,0.0,10.070835,8.856814,0.6233713,0.5890021,-3.0790823,0_4
3.3000000000000003,0.0,9.99148,10.487748,0.63669026,0.44592348,0.030346742,0_3
3.3000000000000003,0.0,10.1880245,9.868191,0.45906946,0.67189217,0.13567674,0_5
3.3000000000000003,11.0,14.890191,-6.220052,0.6782691,0.695573,-3.0773962,11_0
3.4000000000000004,3.0,0.60528433,-3.3314989,4.117559,1.9999627,3.1222765,3_0
3.4000000000000004,3.0,4.3379264,18.527733,4.2085047,2.1401405,0.48945716,3_3
3.4000000000000004,3.0,24.733528,3.0236406,3.9085243,1.8694102,0.0019263526,3_4
3.4000000000000004,3.0,42.69008,2.9327817,4.8348866,2.312876,-0.0041313366,3_5
3.4000000000000004,29.0,30.211279,-0.6302799,3.2327654,2.0,3.1217537,29_0
3.4000000000000004,0.0,9.005327,8.85065,0.8533341,0.62707126,-3.0770202,0_4
3.4000000000000004,0.0,8.554176,10.561807,0.45800844,0.5236952,0.053133726,0_3
3.4000000000000004,0.0,8.862735,9.844645,0.6028203,0.6395856,0.13605374,0_5
3.4000000000000004,11.0,13.725803,-6.20171,0.6782691,0.695573,-3.0770202,11_0
3.5,3.0,0.4810361,-3.3426344,4.117559,1.9999627,3.122294,3_0
3.5,3.0,3.1853244,18.544403,4.2085047,2.1401405,0.48954254,3_3
3.5,3.0,22.386456,3.0257857,3.9085243,1.8694102,0.0019394468,3_4
3.5,3.0,40.385204,2.958009,4.8348866,2.312876,-0.004111008,3_5
3.5,29.0,30.38174,-0.61765164,3.2327654,2.0,3.1217709,29_0
3.5,0.0,7.8382053,8.878706,0.6333283,0.58900356,-3.0743556,0_4
3.5,0.0,7.1838803,10.587348,0.7134055,0.49274704,0.076487765,0_3
3.5,0.0,7.556237,9.89407,0.7720248,0.73728925,0.1360964,0_5
3.5,11.0,12.550339,-6.193136,0.6782691,0.695573,-3.076989,11_0
3.6,3.0,0.35169938,-3.3522835,4.117559,1.9999627,3.1219568,3_0
3.6,3.0,2.0266447,18.555231,4.2085047,2.1401405,0.48916277,3_3
3.6,3.0,20.036755,3.0167863,3.9085243,1.8694102,0.0015942926,3_4
3.6,3.0,38.068356,2.9608152,4.8348866,2.312876,-0.0044496395,3_5
3.6,29.0,30.54458,-0.6216677,3.2327654,2.0,3.1214335,29_0
3.6,0.0,6.8257265,8.887033,0.5550376,0.5801059,-3.0713952,0_4
3.6,0.0,5.8834023,10.566532,0.98345464,0.5591821,0.09946509,0_3
3.6,0.0,6.2773314,9.844144,0.88221455,0.64228666,0.13574871,0_5
3.6,11.0,11.362038,-6.2014103,0.6782691,0.695573,-3.0773315,11_0
3.7,3.0,0.21364437,-3.3522809,4.117559,1.9999627,3.122166,3_0
3.7,3.0,0.83924717,18.567984,4.2085047,2.1401405,0.489338,3_3
3.7,3.0,17.682335,3.0227265,3.9085243,1.8694102,0.0017967311,3_4
3.7,3.0,35.73509,2.9852402,4.8348866,2.312876,-0.004243314,3_5
3.7,29.0,30.699167,-0.6060095,3.2327654,2.0,3.1216426,29_0
3.7,0.0,5.7802277,8.859836,0.38875642,0.46193886,-3.0678906,0_4
3.7,0.0,4.57836,10.579479,1.0286373,0.57246107,0.12298062,0_3
3.7,0.0,4.8866386,9.891531,0.58327705,0.6472201,0.13594496,0_5
3.7,11.0,10.167791,-6.2093453,0.6782691,0.695573,-3.0771296,11_0
3.8,3.0,0.0660215,-3.3452883,4.117559,1.9999627,3.1231997,3_0
3.8,3.0,-0.38206166,18.578032,4.2085047,2.1401405,0.49031052,3_3
3.8,3.0,15.324682,3.0425406,3.9085243,1.8694102,0.0028248574,3_4
3.8,3.0,33.38359,3.032573,4.8348866,2.312876,-0.0032145663,3_5
3.8,29.0,30.845156,-0.5643807,3.2327654,2.0,3.1226764,29_0
3.8,0.0,4.820235,8.903275,0.7030691,0.52583563,-3.0635667,0_4
3.8,0.0,3.1765845,10.62855,0.8737058,0.49814466,0.14730662,0_3
3.8,0.0,3.5178075,9.861675,0.5690722,0.45894074,0.13695826,0_5
3.8,0.0,26.72431,9.308351,0.353005,0.5340207,-3.0435051999,0_6
3.8,11.0,8.969758,-6.2100687,0.6782691,0.695573,-3.0761068,11_0
3.9,3.0,-0.09433941,-3.3326502,4.117559,1.9999627,3.1241357,3_0
3.9,3.0,-1.6216259,18.585016,4.2085047,2.1401405,0.49121514,3_3
3.9,3.0,12.969197,3.060801,3.9085243,1.8694102,0.0037591893,3_4
3.9,3.0,31.016518,3.0751455,4.8348866,2.312876,-0.0022842365,3_5
3.9,29.0,30.982092,-0.52208585,3.2327654,2.0,3.1236124,29_0
3.9,0.0,3.6625993,8.937968,0.8434322,0.576644,-3.0593352,0_4
3.9,0.0,1.7383456,10.648597,0.39005443,0.44842115,0.17153834,0_3
3.9,0.0,2.0989177,9.889858,0.71925306,0.45525602,0.1378835,0_5
3.9,11.0,7.7635293,-6.2016897,0.6782691,0.695573,-3.0751767,11_0
4.0,3.0,-0.27010262,-3.3177092,4.117559,1.9999627,3.1248548,3_0
4.0,3.0,-2.8763876,18.58847,4.2085047,2.1401405,0.49196514,3_3
4.0,3.0,10.616161,3.0748281,3.9085243,1.8694102,0.004481754,3_4
4.0,3.0,28.634064,3.125491,4.8348866,2.312876,-0.0015707911,3_5
4.0,29.0,31.108324,-0.48307338,3.2327654,2.0,3.1243312,29_0
4.0,0.0,2.4539325,8.892892,0.8907763,0.4505628,-3.05531,0_4
4.0,0.0,0.4287831,10.573371,0.5127297,0.33665055,0.19557251,0_3
4.0,0.0,0.7101465,9.914733,0.94959927,0.43752107,0.13860938,0_5
4.0,0.0,20.199232,16.021172,0.43804407,0.56989896,2.8384259001,0_7
4.0,11.0,6.547344,-6.175442,0.6782691,0.695573,-3.0744543,11_0
4.1000000000000005,3.0,-0.46009696,-3.2996006,4.117559,1.9999627,3.1255696,3_0
4.1000000000000005,3.0,-4.138751,18.595114,4.2085047,2.1401405,0.4927545,3_3
4.1000000000000005,3.0,8.264974,3.0838602,3.9085243,1.8694102,0.0052027567,3_4
4.1000000000000005,3.0,26.238644,3.1780803,4.8348866,2.312876,-0.00086155324,3_5
4.1000000000000005,29.0,31.226751,-0.43785173,3.2327654,2.0,3.1250463,29_0
4.1000000000000005,0.0,1.2700541,8.918745,0.6038638,0.45847356,-3.0512877,0_4
4.1000000000000005,0.0,-0.9880297,10.5523615,0.88957494,0.48400468,0.21961135,0_3
4.1000000000000005,0.0,-0.64948153,9.923919,0.7288868,0.41055796,0.1393339,0_5
4.1000000000000005,0.0,19.033724,16.066874,0.422829,0.5654246,2.854976,0_7
4.1000000000000005,11.0,5.323378,-6.120491,0.6782691,0.695573,-3.0737357,11_0
4.2,3.0,-0.66313934,-3.28504,4.117559,1.9999627,3.1262143,3_0
4.2,3.0,-5.3748207,18.614908,4.2085047,2.1401405,0.4934414,3_3
4.2,3.0,5.914641,3.0739267,3.9085243,1.8694102,0.0058555333,3_4
4.2,3.0,23.83216,3.2056365,4.8348866,2.312876,-0.00022090414,3_5
4.2,29.0,31.338829,-0.39615464,3.2327654,2.0,3.125691,29_0
4.2,0.0,0.22272065,8.950306,0.41589975,0.45224884,-3.047337,0_4
4.2,0.0,-2.2686236,10.527527,0.81132114,0.7037373,0.24357559,0_3
4.2,0.0,-2.0712235,9.9622345,0.52593493,0.4012335,0.13998449,0_5
4.2,0.0,17.876873,16.06832,0.5405421,0.5425139,2.868875,0_7
4.2,11.0,4.089827,-6.0527205,0.6782691,0.695573,-3.073089,11_0
4.2,11.0,28.224316,-6.0901117,0.88799894,0.74983835,-3.0730889999,11_2
4.3,3.0,-0.8739121,-3.2732472,4.117559,1.9999627,3.1268408,3_0
4.3,3.0,-6.58768,18.645847,4.2085047,2.1401405,0.49409387,3_3
4.3,3.0,3.5393274,3.049115,3.9085243,1.8694102,0.0064940145,3_4
4.3,3.0,21.417143,3.2148347,4.8348866,2.312876,0.000406786,3_5
4.3,29.0,31.447456,-0.35567677,3.2327654,2.0,3.1263175,29_0
4.3,0.0,-0.88394475,8.974309,0.58148164,0.4460241,-3.0433965,0_4
4.3,0.0,-3.7408597,10.606381,0.7330674,0.622086,0.2675316,0_3
4.3,0.0,21.081968,9.5200405,0.3626149,0.5174451,-3.0398456999,0_8
4.4,3.0,-1.0925578,-3.2647955,4.117559,1.9999627,3.1277332,3_0
4.4,3.0,-7.8014517,18.676575,4.2085047,2.1401405,0.49498692,3_3
4.4,3.0,1.1162215,3.0470257,3.9085243,1.8694102,0.007400019,3_4
4.4,3.0,18.989592,3.219956,4.8348866,2.312876,0.001306012,3_5
4.4,29.0,31.549314,-0.30878916,3.2327654,2.0,3.1272097,29_0
4.4,0.0,20.006207,9.582751,0.81697565,0.5265765,-3.0389404,0_8
4.4,0.0,-2.00739,9.008802,0.8218784,0.46589494,-3.0391884,0_4
4.4,11.0,25.619125,-5.9977098,0.88799894,0.74983835,-3.071551,11_2
4.5,3.0,-1.3178706,-3.2578452,4.117559,1.9999627,3.128671,3_0
4.5,3.0,-1.1287035,3.05868,3.9085243,1.8694102,0.0083499905,3_4
4.5,3.0,16.551249,3.2264643,4.8348866,2.312876,0.0022563522,3_5
4.5,29.0,31.645515,-0.2609985,3.2327654,2.0,3.1281474,29_0
4.5,0.0,18.772217,9.595977,0.6709372,0.5240129,-3.0380023,0_8
4.5,0.0,11.690981,18.568977,0.49468625,0.45163864,2.8087971,0_7
4.5,0.0,14.370832,15.940766,0.5253348,0.5245936,2.8951707001,0_9
4.5,11.0,24.332571,-5.9579253,0.88799894,0.74983835,-3.0706124,11_2
4.6000000000000005,3.0,-1.5506839,-3.2524095,4.117559,1.9999627,3.129441,3_0
4.6000000000000005,3.0,-3.4341772,2.995567,3.9085243,1.8694102,0.009128824,3_4
4.6000000000000005,3.0,14.102562,3.2368221,4.8348866,2.312876,0.0030441408,3_5
4.6000000000000005,29.0,31.734678,-0.22020325,3.2327654,2.0,3.1289177,29_0
4.6000000000000005,0.0,17.51971,9.591487,0.51608616,0.55209464,-3.0372515,0_8
4.6000000000000005,0.0,10.533611,18.506817,0.6000012,0.4491428,2.8096123,0_7
4.6000000000000005,0.0,13.172134,16.007698,0.41641745,0.6364125,2.898899,0_9
4.6000000000000005,11.0,23.071093,-5.934266,0.88799894,0.74983835,-3.0698562,11_2
4.7,3.0,-1.7842445,-3.245046,4.117559,1.9999627,3.1302176,3_0
4.7,3.0,11.654309,3.2535841,4.8348866,2.312876,0.0038424726,3_5
4.7,29.0,31.819096,-0.17593113,3.2327654,2.0,3.1296942,29_0
4.7,0.0,16.377241,9.629423,0.31993112,0.5440022,-3.0364876,0_8
4.7,0.0,9.30383,18.542221,0.61911124,0.45230693,2.8104331,0_7
4.7,0.0,11.986952,15.980643,0.46066672,0.46084544,2.9004982,0_9
4.7,11.0,21.84057,-5.920059,0.88799894,0.74983835,-3.0690892,11_2
4.800000000000001,3.0,-2.0206406,-3.2373183,4.117559,1.9999627,3.1306174,3_0
4.800000000000001,3.0,9.216589,3.2621756,4.8348866,2.312876,0.0042615575,3_5
4.800000000000001,29.0,31.895802,-0.14525206,3.2327654,2.0,3.130094,29_0
4.800000000000001,0.0,15.193969,9.633675,0.38041407,0.5405068,-3.036102,0_8
4.800000000000001,0.0,10.803666,15.920935,0.503712,0.40664303,2.8999827,0_9
4.800000000000001,11.0,20.59284,-5.926473,0.88799894,0.74983835,-3.0686996,11_2
4.9,3.0,-2.25498,-3.2277389,4.117559,1.9999627,3.1308105,3_0
4.9,3.0,6.804514,3.2612967,4.8348866,2.312876,0.0044681565,3_5
4.9,29.0,31.968906,-0.1198446,3.2327654,2.0,3.1302872,29_0
4.9,0.0,6.9458723,18.458769,0.45142275,0.5044937,2.811067,0_7
4.9,0.0,9.669732,15.864261,0.7625022,0.45208678,2.8978794,0_9
4.9,11.0,19.29377,-5.9417553,0.88799894,0.74983835,-3.0685055,11_2
5.0,3.0,-2.4911957,-3.2177348,4.117559,1.9999627,3.1307364,3_0
5.0,3.0,4.4242506,3.2450862,4.8348866,2.312876,0.0043960097,3_5
5.0,29.0,32.035988,-0.10465848,3.2327654,2.0,3.130213,29_0
5.0,0.0,5.7588143,18.445076,0.4864741,0.4544468,2.810963,0_7
5.0,0.0,8.386013,15.8546715,0.7046822,0.45783904,2.8944452,0_9
5.0,11.0,17.956459,-5.9532337,0.88799894,0.74983835,-3.0685742,11_2
5.1000000000000005,3.0,-2.728733,-3.2063248,4.117559,1.9999627,3.1307704,3_0
5.1000000000000005,3.0,2.0703332,3.221549,4.8348866,2.312876,0.0044210623,3_5
5.1000000000000005,29.0,32.09822,-0.08539793,3.2327654,2.0,3.130247,29_0
5.1000000000000005,11.0,16.614254,-5.933226,0.88799894,0.74983835,-3.0685346,11_2
5.2,3.0,-2.9717288,-3.1962214,4.117559,1.9999627,3.1308284,3_0
5.2,3.0,-0.26765263,3.1894815,4.8348866,2.312876,0.004459452,3_5
5.2,3.0,33.54171,3.2716236,4.2997537,2.0932877,0.0153828691,3_6
5.2,29.0,32.15346,-0.06948195,3.2327654,2.0,3.130305,29_0
5.2,0.0,10.406824,9.735044,0.3643266,0.54386526,-3.035883,0_8
5.2,11.0,15.286188,-5.8801107,0.88799894,0.74983835,-3.0684824,11_2
5.300000000000001,3.0,-3.2190797,-3.1868498,4.117559,1.9999627,3.1308193,3_0
5.300000000000001,3.0,31.010939,3.2787232,4.2997537,2.0932877,0.015336827,3_6
5.300000000000001,3.0,-2.595704,3.1515613,4.8348866,2.312876,0.004425108,3_5
5.300000000000001,29.0,32.203163,-0.05891502,3.2327654,2.0,3.1302962,29_0
5.300000000000001,0.0,9.19612,9.72528,0.43075225,0.59434205,-3.0359035,0_8
5.300000000000001,0.0,2.0052195,18.378235,0.63153934,0.45342165,2.8110616,0_7
5.300000000000001,0.0,4.7385235,15.77816,0.73138225,0.45765528,2.8772757,0_9
5.300000000000001,11.0,13.964299,-5.8319683,0.88799894,0.74983835,-3.0684996,11_2
5.300000000000001,11.0,11.796648,-8.673749,0.46724364,0.58227247,-3.0683485999,11_3
5.4,3.0,-3.4723253,-3.1777737,4.117559,1.9999627,3.1308682,3_0
5.4,3.0,28.474451,3.29049,4.2997537,2.0932877,0.015520677,3_6
5.4,3.0,-4.923763,3.1110337,4.8348866,2.312876,0.004447197,3_5
5.4,29.0,32.245907,-0.047486834,3.2327654,2.0,3.130345,29_0
5.4,0.0,8.093159,9.766718,0.69412774,0.6084922,-3.035857,0_8
5.4,0.0,0.8313355,18.323399,0.48331562,0.45832813,2.8111024,0_7
5.4,0.0,3.4872427,15.796097,0.8245792,0.46255335,2.8686337,0_9
5.4,11.0,12.633893,-5.8231153,0.88799894,0.74983835,-3.068452,11_2
5.5,3.0,25.935345,3.300986,4.2997537,2.0932877,0.015705524,3_6
5.5,29.0,32.28534,-0.042631466,3.2327654,2.0,3.1302018,29_0
5.5,0.0,6.8475404,9.809033,0.7671663,0.68809944,-3.0360088,0_8
5.5,0.0,-0.40224355,18.295444,0.4353315,0.50145304,2.81098,0_7
5.5,0.0,2.2511687,15.750008,0.86815923,0.45240173,2.85808,0_9
5.5,0.0,9.9628315,-14.404543,0.814164,0.46680328,0.0729912101,0_10
5.5,11.0,11.294326,-5.848687,0.88799894,0.74983835,-3.0686014,11_2
5.6000000000000005,3.0,23.390005,3.3072376,4.2997537,2.0932877,0.015767071,3_6
5.6000000000000005,29.0,32.31712,-0.04888982,3.2327654,2.0,3.1297157,29_0
5.6000000000000005,0.0,5.486092,9.744155,0.54836196,0.53105915,-3.0365002,0_8
5.6000000000000005,0.0,-1.6533532,18.241213,0.55737567,0.45913932,2.8105488,0_7
5.6000000000000005,0.0,0.9641648,15.811791,0.7519524,0.51308763,2.8453448,0_9
5.6000000000000005,11.0,9.943629,-5.8931146,0.88799894,0.74983835,-3.069092,11_2
5.6000000000000005,11.0,7.76989,-8.624779,0.46724364,0.58227247,-3.0683606,11_3
5.7,3.0,20.836397,3.3171923,4.2997537,2.0932877,0.015944785,3_6
5.7,29.0,32.33876,-0.06034407,3.2327654,2.0,3.1291046,29_0
5.7,0.0,4.314935,9.785164,0.4842235,0.5295596,-3.03713,0_8
5.7,0.0,-2.8678033,18.22077,0.6405116,0.4552217,2.8100364,0_7
5.7,0.0,-0.26725182,15.786993,0.62919974,0.58420664,2.8305547,0_9
5.7,11.0,8.583837,-5.933363,0.88799894,0.74983835,-3.069718,11_2
5.7,12.0,7.6974435,11.678015,0.5171256,0.37131518,-3.0697179999,12_0
5.800000000000001,3.0,18.269215,3.328638,4.2997537,2.0932877,0.016315307,3_6
5.800000000000001,29.0,32.345695,-0.0793556,3.2327654,2.0,3.1284146,29_0
5.800000000000001,0.0,3.0957108,9.778754,0.46683127,0.5115056,-3.0378306,0_8
5.800000000000001,0.0,-4.1807513,18.194056,0.6224441,0.45691806,2.8094013,0_7
5.800000000000001,0.0,-1.5857966,15.775279,0.73675025,0.62663025,2.8134377,0_9
5.800000000000001,0.0,27.06008,10.50067,0.45985037,0.739778,3.0787620001000002,0_11
5.800000000000001,11.0,7.214488,-5.958704,0.88799894,0.74983835,-3.070416,11_2
5.800000000000001,12.0,6.346675,11.674321,0.5171256,0.37131518,-3.070416,12_0
5.9,3.0,15.689787,3.3518996,4.2997537,2.0932877,0.01723099,3_6
5.9,29.0,32.34094,-0.0913559,3.2327654,2.0,3.1279724,29_0
5.9,0.0,1.9273311,9.831395,0.7380129,0.5348732,-3.0382748,0_8
5.9,0.0,25.84036,10.465336,0.471121,0.53077453,3.0783198,0_11
5.9,0.0,-2.8245804,15.7312565,0.59152627,0.61103374,2.7941737,0_9
5.9,11.0,5.844629,-5.9625998,0.88799894,0.74983835,-3.0708592,11_2
5.9,12.0,4.9882317,11.673829,0.5171256,0.37131518,-3.0708592,12_0
6.0,3.0,13.097234,3.3784199,4.2997537,2.0932877,0.018565416,3_6
6.0,29.0,32.318027,-0.10250963,3.2327654,2.0,3.1277666,29_0
6.0,0.0,0.66043407,9.806134,0.81250566,0.48337102,-3.0384836,0_8
6.0,0.0,-4.1111307,15.699546,0.5347899,0.5954372,2.7751112,0_9
6.0,11.0,4.4740086,-5.954995,0.88799894,0.74983835,-3.0710661,11_2
6.1000000000000005,3.0,10.514964,3.3991005,4.2997537,2.0932877,0.019183327,3_6
6.1000000000000005,29.0,32.27731,-0.12134182,3.2327654,2.0,3.127322,29_0
6.1000000000000005,0.0,-0.6547619,9.810426,0.7932801,0.4012703,-3.038923,0_8
6.1000000000000005,11.0,3.1073778,-5.937373,0.88799894,0.74983835,-3.071506,11_2
6.1000000000000005,11.0,0.9894219,-8.69539,0.46724364,0.58227247,-3.0697489,11_3
6.2,3.0,7.9599504,3.4090092,4.2997537,2.0932877,0.018492227,3_6
6.2,29.0,32.21185,-0.13728832,3.2327654,2.0,3.1268442,29_0
6.2,0.0,-1.9511652,9.867669,0.5616194,0.40207377,-3.0393798,0_8
6.2,11.0,1.7459861,-5.9121375,0.88799894,0.74983835,-3.0719686,11_2
6.2,11.0,-0.36789027,-8.710711,0.46724364,0.58227247,-3.0700474,11_3
6.300000000000001,3.0,5.4598184,3.3997722,4.2997537,2.0932877,0.015575289,3_6
6.300000000000001,29.0,32.1245,-0.15548651,3.2327654,2.0,3.1262245,29_0
6.300000000000001,11.0,0.39704797,-5.8814244,0.88799894,0.74983835,-3.072582,11_2
6.4,3.0,3.024806,3.3721285,4.2997537,2.0932877,0.010182246,3_6
6.4,29.0,32.012367,-0.17277515,3.2327654,2.0,3.1257129,29_0
6.4,0.0,19.718307,10.502603,0.49345416,0.54360163,3.0760415,0_11
6.4,11.0,-0.9385676,-5.8517723,0.88799894,0.74983835,-3.0730898,11_2
6.4,11.0,-3.0798123,-8.69101,0.46724364,0.58227247,-3.0708642,11_3
6.4,10.0,22.881422,9.046354,0.26591352,1.0676554,-3.0632655999,10_4
6.5,3.0,0.6427636,3.379945,4.2997537,2.0932877,0.0029256758,3_6
6.5,29.0,31.8887,-0.18860772,3.2327654,2.0,3.125257,29_0
6.5,0.0,18.532745,10.479605,0.648224,0.6253831,3.0755851,0_11
6.5,10.0,21.52205,9.039167,0.26591352,1.0676554,-3.0676174,10_4
6.6000000000000005,3.0,-1.7130023,3.455959,4.2997537,2.0932877,-0.0052651884,3_6
6.6000000000000005,29.0,31.7615,-0.20907243,3.2327654,2.0,3.1248274,29_0
6.6000000000000005,0.0,17.349525,10.430079,0.85381365,0.7583456,3.0751576,0_11
6.6000000000000005,10.0,20.168722,9.024912,0.26591352,1.0676554,-3.0709271,10_4
6.7,3.0,-4.0635815,3.534036,4.2997537,2.0932877,-0.01333417,3_6
6.7,29.0,31.643509,-0.22392389,3.2327654,2.0,3.1245189,29_0
6.7,0.0,16.06854,10.451168,0.4918538,0.62219125,3.0748467,0_11
6.7,10.0,18.822481,9.0166,0.26591352,1.0676554,-3.0713346,10_4
6.7,12.0,-5.847589,11.745957,0.5171256,0.37131518,-3.0742817,12_0
6.800000000000001,29.0,31.53794,-0.24584569,3.2327654,2.0,3.124069,29_0
6.800000000000001,0.0,14.85423,10.374073,0.43739596,0.6197272,3.0743976,0_11
6.800000000000001,11.0,18.543768,-8.112116,0.6106811,0.4805943,-1.1656528999,11_4
6.800000000000001,10.0,17.473885,9.004815,0.26591352,1.0676554,-3.067361,10_4
6.9,3.0,30.256422,2.9270759,4.3471622,2.0138967,0.0132544151,3_7
6.9,29.0,31.459877,-0.27152872,3.2327654,2.0,3.1234267,29_0
6.9,0.0,13.755132,10.409558,0.79131866,0.6467052,3.073756,0_11
6.9,11.0,17.190825,-8.115137,0.6106811,0.4805943,-1.1662785,11_4
6.9,11.0,16.562382,-8.114973,0.56579727,0.5661796,-0.8570055999,11_5
6.9,10.0,16.127432,8.996411,0.26591352,1.0676554,-3.0573018,10_4
7.0,3.0,27.472277,2.876765,4.3471622,2.0138967,0.01242782,3_7
7.0,29.0,31.415293,-0.30422598,3.2327654,2.0,3.1226013,29_0
7.0,0.0,12.579181,10.336276,0.8246842,0.5556065,3.072933,0_11
7.0,11.0,15.170003,-8.126965,0.56579727,0.5661796,-0.8275886,11_4
7.0,11.0,15.832667,-8.119859,0.6106811,0.4805943,-1.1670532,11_5
7.0,10.0,14.778512,8.988843,0.26591352,1.0676554,-3.0412147,10_4
7.1000000000000005,3.0,24.474367,2.809812,4.3471622,2.0138967,0.011587604,3_7
7.1000000000000005,29.0,31.419178,-0.3352162,3.2327654,2.0,3.1217635,29_0
7.1000000000000005,0.0,11.258906,10.38418,0.71428674,0.5000403,3.072099,0_11
7.1000000000000005,11.0,13.747784,-8.0989065,0.56579727,0.5661796,-0.8394329,11_4
7.1000000000000005,11.0,14.477361,-8.122303,0.6106811,0.4805943,-1.1678557,11_5
7.1000000000000005,10.0,13.4358015,8.984282,0.26591352,1.0676554,-3.0262692,10_4
7.2,3.0,21.887972,2.8280191,4.3471622,2.0138967,0.010911316,3_7
7.2,29.0,31.477276,-0.36199307,3.2327654,2.0,3.1210866,29_0
7.2,0.0,10.119374,10.372214,0.7613002,0.5104932,3.0714211,0_11
7.2,11.0,12.358189,-8.082996,0.56579727,0.5661796,-0.8664173,11_4
7.2,11.0,13.123559,-8.125873,0.6106811,0.4805943,-1.1686232,11_5
7.2,10.0,12.10115,8.978812,0.26591352,1.0676554,-3.0214276,10_4
7.300000000000001,3.0,18.72178,2.8793821,4.3471622,2.0138967,0.010162549,3_7
7.300000000000001,29.0,31.602911,-0.38765964,3.2327654,2.0,3.120335,29_0
7.300000000000001,0.0,8.916693,10.35535,0.52788854,0.56428504,3.0706646,0_11
7.300000000000001,11.0,11.00521,-8.082929,0.56579727,0.5661796,-0.90151995,11_4
7.300000000000001,11.0,11.773349,-8.129194,0.6106811,0.4805943,-1.1695013,11_5
7.300000000000001,10.0,10.781779,8.969952,0.26591352,1.0676554,-3.0360775,10_4
7.4,3.0,13.154891,2.8921688,4.3471622,2.0138967,0.008628705,3_7
7.4,29.0,30.450745,-0.43027955,3.2327654,2.0,3.1187959,29_0
7.4,0.0,6.634227,10.310625,0.8282367,0.5230635,3.0691173,0_11
7.4,11.0,9.074542,-8.134493,0.6106811,0.4805943,-1.1710122,11_4
7.4,11.0,9.564041,-8.100623,0.53611076,0.4893918,-1.2003447,11_5
7.4,11.0,8.323086,-8.094727,0.56579727,0.5661796,-0.9428208499,11_6
7.4,10.0,8.133212,8.955642,0.26591352,1.0676554,-3.0756447,10_4
7.5,3.0,10.227765,2.9144135,4.3471622,2.0138967,0.007895628,3_7
7.5,29.0,30.679834,-0.45068324,3.2327654,2.0,3.1180618,29_0
7.5,0.0,5.307913,10.272257,0.73496187,0.5737523,3.0683818,0_11
7.5,11.0,6.997362,-8.101375,0.56579727,0.5661796,-0.9863122,11_4
7.5,11.0,7.7264347,-8.129473,0.6106811,0.4805943,-1.171734,11_5
7.5,10.0,6.825768,8.942916,0.26591352,1.0676554,-3.125481,10_4
7.6,3.0,7.4787803,2.935053,4.3471622,2.0138967,0.00743381,3_7
7.6,29.0,30.913624,-0.45923078,3.2327654,2.0,3.1175976,29_0
7.6,0.0,4.1155195,10.286322,0.6760525,0.5218057,3.0679138,0_11
7.6,11.0,5.6719275,-8.097857,0.56579727,0.5661796,-1.0301027,11_4
7.6,11.0,6.3866134,-8.115451,0.6106811,0.4805943,-1.1722305,11_5
7.6,10.0,5.515385,8.943161,0.26591352,1.0676554,3.114627,10_4
7.7,3.0,4.64238,2.9178102,4.3471622,2.0138967,0.007001617,3_7
7.7,29.0,31.108295,-0.46787956,3.2327654,2.0,3.1171668,29_0
7.7,0.0,2.9057887,10.2599325,0.51549304,0.4813925,3.0674853,0_11
7.7,11.0,4.3278017,-8.0842905,0.56579727,0.5661796,-1.071792,11_4
7.7,11.0,5.0466685,-8.097802,0.6106811,0.4805943,-1.1726427,11_5
7.7,11.0,5.5388603,-8.151941,0.53611076,0.4893918,-1.2019852,11_6
7.7,10.0,4.1865735,8.954663,0.26591352,1.0676554,3.0916405,10_4
7.800000000000001,3.0,1.9372168,2.8538735,4.3471622,2.0138967,0.0066717477,3_7
7.800000000000001,29.0,31.233555,-0.4713389,3.2327654,2.0,3.1168392,29_0
7.800000000000001,11.0,2.9768946,-8.0630665,0.56579727,0.5661796,-1.1086403,11_4
7.800000000000001,11.0,3.7138116,-8.077126,0.6106811,0.4805943,-1.1729418,11_5
7.800000000000001,10.0,2.8483002,8.975945,0.26591352,1.0676554,3.0864248,10_4
7.9,3.0,-0.6614972,2.8236375,4.3471622,2.0138967,0.0067419475,3_7
7.9,29.0,31.261547,-0.4592576,3.2327654,2.0,3.11691,29_0
7.9,11.0,1.6275098,-8.039852,0.56579727,0.5661796,-1.1376873,11_4
7.9,11.0,2.3877943,-8.055349,0.6106811,0.4805943,-1.172933,11_5
8.0,3.0,-3.2201242,2.8904626,4.3471622,2.0138967,0.006787412,3_7
8.0,29.0,31.214024,-0.44578573,3.2327654,2.0,3.1169562,29_0
8.0,0.0,-0.6723343,10.27436,0.9724312,0.456371,3.06728,0_11
8.0,11.0,0.28790444,-8.021691,0.56579727,0.5661796,-1.1565006,11_4
8.0,11.0,1.0684636,-8.036286,0.6106811,0.4805943,-1.172948,11_5
8.0,10.0,0.15945977,9.0191345,0.26591352,1.0676554,3.104208,10_4
8.1,29.0,31.113146,-0.4389523,3.2327654,2.0,3.1169238,29_0
8.1,0.0,-1.9440238,10.352009,0.65609056,0.47222903,3.0672495,0_11
8.1,11.0,-1.0413096,-8.019385,0.56579727,0.5661796,-1.1622697,11_4
8.1,11.0,-0.252082,-8.0271845,0.6106811,0.4805943,-1.1729438,11_5
8.1,10.0,-1.1873038,9.02198,0.26591352,1.0676554,3.1139536,10_4
8.200000000000001,29.0,30.995577,-0.4420172,3.2327654,2.0,3.1167428,29_0
8.200000000000001,11.0,-2.3456056,-8.035724,0.56579727,0.5661796,-1.1523666,11_4
8.200000000000001,11.0,-1.5678426,-8.027362,0.6106811,0.4805943,-1.1730622,11_5
8.200000000000001,10.0,-2.5239391,9.00602,0.26591352,1.0676554,3.1172771,10_4
8.3,29.0,30.87853,-0.46029302,3.2327654,2.0,3.116478,29_0
8.3,11.0,-3.626175,-8.07992,0.56579727,0.5661796,-1.1255223,11_4
8.3,11.0,-2.8854306,-8.043699,0.6106811,0.4805943,-1.1733124,11_5
8.3,11.0,-2.3488667,-8.031337,0.53611076,0.4893918,-1.2026619,11_6
8.3,10.0,-3.8564746,8.978278,0.26591352,1.0676554,3.1159172,10_4
8.4,29.0,30.771679,-0.47281927,3.2327654,2.0,3.116447,29_0
8.4,11.0,-4.880374,-8.139843,0.56579727,0.5661796,-1.0860693,11_4
8.4,11.0,-4.1956835,-8.066721,0.6106811,0.4805943,-1.1733259,11_5
8.4,11.0,-3.6342163,-8.101652,0.53611076,0.4893918,-1.2026744,11_6
8.4,10.0,-5.1853924,8.964345,0.26591352,1.0676554,3.1134772,10_4
8.5,29.0,30.667358,-0.4966634,3.2327654,2.0,3.116329,29_0
8.5,0.0,32.393204,8.668629,0.40141815,0.6037717,3.1374304001,0_12
8.5,11.0,-6.1273727,-8.211179,0.56579727,0.5661796,-1.0404493,11_4
8.5,11.0,-5.508239,-8.096868,0.6106811,0.4805943,-1.1733636,11_5
8.5,11.0,-4.905462,-8.268344,0.53611076,0.4893918,-1.2027133,11_6
8.5,10.0,-6.5170646,8.965726,0.26591352,1.0676554,3.1122649,10_4
8.6,29.0,30.570417,-0.5232566,3.2327654,2.0,3.1160972,29_0
8.6,0.0,31.340223,8.660918,0.35386777,0.7287188,3.1372,0_12
8.6,11.0,-6.162535,-8.486655,0.53611076,0.4893918,-1.2029077,11_6
8.6,10.0,-7.84167,8.987177,0.26591352,1.0676554,3.1122522,10_4
8.700000000000001,29.0,30.460938,-0.55642027,3.2327654,2.0,3.1157281,29_0
8.700000000000001,0.0,30.115948,8.639982,0.450552,0.68910724,3.1368327,0_12
8.700000000000001,0.0,26.915524,-8.804617,0.6441365,0.5889206,-2.3326251999,0_13
8.8,29.0,30.368483,-0.5844644,3.2327654,2.0,3.1153672,29_0
8.8,0.0,28.916634,8.664895,0.64761424,0.6395574,3.1364741,0_12
8.9,29.0,30.274113,-0.60633945,3.2327654,2.0,3.1151268,29_0
8.9,0.0,27.611343,8.65037,0.5193189,0.65138054,3.1362357,0_12
8.9,0.0,24.442535,-8.608849,0.48192573,0.52007645,-2.361716,0_13
9.0,29.0,30.181059,-0.61720914,3.2327654,2.0,3.114966,29_0
9.0,0.0,26.500378,8.652613,0.37083715,0.6426554,3.1360762,0_12
9.0,0.0,23.229656,-8.495674,0.6064426,0.506011,-2.3736022,0_13
9.0,0.0,10.121103,-13.867214,0.48847777,0.6544425,1.7681786001,0_14
9.1,29.0,30.084066,-0.6131639,3.2327654,2.0,3.11496,29_0
9.1,0.0,25.4428,8.581194,0.35669014,0.5631526,3.1360712,0_12
9.1,0.0,8.822104,-13.917554,0.51192784,0.6781551,1.7530934,0_14
9.1,0.0,22.040155,-8.446943,0.80675626,0.52211595,-2.3838737,0_13
9.1,0.0,27.661749,12.073812,0.35122207,0.57378525,0.0031240809,0_15
9.1,6.0,28.58458,35.874443,6.716049,2.5423927,-1.6333139999,6_0
9.2,29.0,29.986706,-0.5939532,3.2327654,2.0,3.1149035,29_0
9.2,0.0,24.201338,8.581719,0.35855716,0.5875921,3.1360168,0_12
9.2,0.0,7.481223,-13.949992,0.48545033,0.6765047,1.7373394,0_14
9.2,0.0,20.705507,-8.446262,0.715029,0.50941503,-2.3928702,0_13
9.2,6.0,27.2792,35.84667,6.716049,2.5423927,-1.6333175,6_0
9.3,29.0,29.883759,-0.5760913,3.2327654,2.0,3.1146147,29_0
9.3,0.0,23.035755,8.535712,0.52822727,0.60890615,3.1357315,0_12
9.3,0.0,19.516628,-8.328632,0.6457406,0.6098927,-2.4009242,0_13
9.3,8.0,14.758893,12.992603,0.2330336,0.64922935,-1.6081362999,8_0
9.4,29.0,29.77923,-0.54697806,3.2327654,2.0,3.1143508,29_0
9.4,0.0,21.845743,8.5939665,0.56665146,0.60463977,3.135471,0_12
9.4,0.0,23.468851,12.116697,0.865375,0.5607034,-0.001065576,0_15
9.4,0.0,4.864131,-14.047838,0.59945816,0.6621437,1.7043277,0_14
9.4,0.0,18.36645,-8.185989,0.5091939,0.63915503,-2.4079423,0_13
9.4,0.0,18.893957,-8.628129,0.5386695,0.79244524,-2.4872749999,0_16
9.4,8.0,13.471443,12.992227,0.2330336,0.64922935,-1.6084259,8_0
9.5,29.0,29.668142,-0.5135417,3.2327654,2.0,3.114215,29_0
9.5,0.0,20.685768,8.579001,0.3925623,0.65119725,3.1353388,0_12
9.5,0.0,21.939608,12.154392,0.6756618,0.5845839,-0.0018871515,0_15
9.5,0.0,17.152699,-8.041898,0.54912364,0.6485373,-2.4139543,0_13
9.5,8.0,12.187833,12.987966,0.2330336,0.64922935,-1.6085708,8_0
9.6,29.0,29.553858,-0.47682345,3.2327654,2.0,3.1140823,29_0
9.6,0.0,19.67336,8.572863,0.3579202,0.6777925,3.135208,0_12
9.6,0.0,20.594994,12.148172,0.841061,0.63485277,-0.0023326816,0_15
9.6,0.0,16.660732,-8.520465,0.7568266,0.819894,-2.4523103,0_16
9.6,0.0,16.007854,-7.918558,0.70824254,0.6293113,-2.4192595,0_13
9.6,8.0,10.914357,12.983357,0.2330336,0.64922935,-1.6086879,8_0
9.7,29.0,29.430922,-0.4383177,3.2327654,2.0,3.1141484,29_0
9.7,0.0,18.480562,8.562718,0.5423587,0.7125086,3.1352754,0_12
9.7,0.0,19.008835,12.171124,0.65254414,0.6004441,-0.0022800455,0_15
9.7,0.0,14.793747,-7.8584394,0.9590392,0.6819117,-2.4237738,0_13
9.7,8.0,9.64517,12.976912,0.2330336,0.64922935,-1.6085839,8_0
9.7,6.0,20.908932,35.873817,6.716049,2.5423927,-1.6340317,6_0
9.8,3.0,55.248493,-17.581213,4.6102786,1.7903478,-1.5802441999,3_8
9.8,29.0,29.300913,-0.40808386,3.2327654,2.0,3.1140862,29_0
9.8,0.0,17.40628,8.591636,0.7747431,0.6693312,3.1352158,0_12
9.8,0.0,17.582846,12.173707,1.0311036,0.5886735,-0.0021294523,0_15
9.8,0.0,13.624912,-7.831424,0.88827,0.5540478,-2.4279635,0_13
9.8,0.0,22.368217,11.942055,0.5528714,0.5276367,-0.7525722399,0_17
9.8,8.0,8.389008,12.968049,0.2330336,0.64922935,-1.6086221,8_0
9.8,6.0,19.66458,35.907623,6.716049,2.5423927,-1.6340694,6_0
9.9,3.0,54.0022,-17.573853,4.6102786,1.7903478,-1.5804214,3_8
9.9,29.0,29.163683,-0.3849304,3.2327654,2.0,3.1139648,29_0
9.9,0.0,16.280865,8.6122875,0.7484604,0.7215236,3.1350975,0_12
9.9,0.0,16.245167,12.184125,0.8923504,0.5717488,-0.0018873595,0_15
9.9,0.0,21.04436,12.023692,0.6921379,0.5239643,-0.7917638,0_17
9.9,0.0,12.44149,-7.79693,0.7604284,0.5479934,-2.4319441,0_13
9.9,6.0,18.431822,35.943474,6.716049,2.5423927,-1.6342447,6_0
10.0,29.0,29.037926,-0.3556515,3.2327654,2.0,3.1138973,29_0
10.0,0.0,15.082843,8.616508,0.5556211,0.6574207,3.1350336,0_12
10.0,0.0,14.701603,12.205395,0.71977675,0.54178876,-0.0015159855,0_15
10.0,0.0,19.759542,12.103022,0.80769354,0.4697585,-0.83092445,0_17
10.0,0.0,11.426079,-7.689911,0.71985936,0.6302368,-2.4357004,0_13
10.0,10.0,-1.9254856,8.701672,0.26591352,0.5029926,1.9391580001,10_5
10.0,6.0,17.20798,35.984726,6.716049,2.5423927,-1.6343336,6_0
10.0,5.0,4.237363,75.14603,6.464479,2.0,-3.1372049999,5_0
